train sources: edu_fineweb10B=0.82, code_python=0.18
val sources: edu_fineweb10B=1.00
run=modern_1024x24 params=480.9M world=1 B=16 grad_accum=16 total_batch=524288 muon_lr=0.02 adam_lr=0.0012 max_steps=19073
0 val 11.032026
step     0 | val loss 11.0320
0 train 11.017735 norm 66.1152
step     0 | loss 11.0177 | lr_muon 6.99e-05 lr_adam 4.20e-06 | norm 66.12 | 5,567 tok/s
1 train 11.013057 norm 60.2871
2 train 10.954143 norm 75.0382
3 train 10.911812 norm 69.3395
4 train 10.873208 norm 57.7730
5 train 10.740469 norm 80.8411
6 train 10.669474 norm 65.4999
7 train 10.548982 norm 68.3823
8 train 10.389706 norm 55.0171
9 train 10.475794 norm 36.4063
10 train 10.242596 norm 41.7221
11 train 10.011141 norm 39.3467
12 train 9.956015 norm 26.6881
13 train 9.796597 norm 26.1191
14 train 9.452120 norm 23.7857
15 train 9.394975 norm 24.3812
16 train 9.254408 norm 26.5303
17 train 9.024294 norm 26.6120
18 train 8.706279 norm 23.0142
19 train 8.656321 norm 18.6309
20 train 8.733285 norm 13.0374
21 train 8.410006 norm 9.9818
22 train 8.275346 norm 9.9697
23 train 8.302141 norm 12.4104
24 train 8.087853 norm 11.8617
25 train 8.057873 norm 11.3259
26 train 8.007403 norm 10.9148
27 train 7.757661 norm 17.1346
28 train 7.666055 norm 12.2779
29 train 7.807273 norm 17.3293
30 train 7.453056 norm 12.6148
31 train 7.538060 norm 10.9821
32 train 7.450577 norm 12.7396
33 train 7.188372 norm 11.5907
34 train 7.333637 norm 11.3229
35 train 7.209233 norm 9.9057
36 train 7.288942 norm 7.9118
37 train 7.367143 norm 7.5128
38 train 7.187627 norm 7.4787
39 train 6.946503 norm 8.5021
40 train 7.003002 norm 5.7204
41 train 7.020484 norm 6.1813
42 train 6.906485 norm 5.3015
43 train 6.941103 norm 6.0396
44 train 6.784604 norm 4.3150
45 train 6.851940 norm 5.3158
46 train 6.574061 norm 5.1055
47 train 6.586030 norm 7.5228
48 train 6.655148 norm 5.3375
49 train 6.564897 norm 3.8294
50 train 6.362089 norm 4.8102
51 train 6.304092 norm 3.2592
52 train 6.390460 norm 3.8518
53 train 6.389588 norm 4.6531
54 train 6.435399 norm 4.3083
55 train 6.254717 norm 3.9517
56 train 6.144820 norm 3.3287
57 train 6.407601 norm 3.4451
58 train 6.252822 norm 3.1232
59 train 6.190923 norm 3.3936
60 train 6.167956 norm 3.4428
61 train 6.187003 norm 2.4912
62 train 6.266722 norm 2.9614
63 train 5.993045 norm 2.5067
64 train 6.119749 norm 2.6915
65 train 5.921936 norm 1.8755
66 train 6.068978 norm 2.1678
67 train 6.059478 norm 2.3096
68 train 6.057761 norm 2.3389
69 train 6.055935 norm 2.3388
70 train 6.085131 norm 2.6631
71 train 5.911307 norm 2.2367
72 train 5.845066 norm 1.6918
73 train 5.901278 norm 2.3152
74 train 5.723556 norm 2.0546
75 train 6.021474 norm 4.7134
76 train 5.721319 norm 4.2803
77 train 5.753938 norm 25.3063
78 train 5.775780 norm 2.2268
79 train 5.966100 norm 2.3332
80 train 5.746410 norm 2.2277
81 train 5.775792 norm 1.7776
82 train 5.821462 norm 1.5930
83 train 5.655426 norm 1.8378
84 train 5.710987 norm 1.8998
85 train 5.670980 norm 2.0123
86 train 5.667259 norm 1.6918
87 train 5.805081 norm 1.8251
88 train 5.593529 norm 1.6489
89 train 5.645129 norm 1.6589
90 train 5.517393 norm 1.6615
91 train 5.515445 norm 1.6563
92 train 5.615153 norm 1.4316
93 train 5.476300 norm 1.4251
94 train 5.572718 norm 1.5146
95 train 5.673792 norm 1.6118
96 train 5.548374 norm 1.5128
97 train 5.524093 norm 1.4635
98 train 5.361199 norm 2.0506
99 train 5.476347 norm 1.7410
100 train 5.518456 norm 1.3889
step   100 | loss 5.5185 | lr_muon 3.57e-03 lr_adam 2.14e-04 | norm 1.39 | 132,574 tok/s
101 train 5.362075 norm 1.3025
102 train 5.407195 norm 1.5286
103 train 5.440426 norm 1.5624
104 train 5.430528 norm 1.2683
105 train 5.375234 norm 1.8197
106 train 5.374307 norm 1.2275
107 train 5.326647 norm 1.4255
108 train 5.297618 norm 1.2509
109 train 5.376506 norm 1.6041
110 train 5.366306 norm 1.7544
111 train 5.342285 norm 1.4241
112 train 5.532689 norm 1.5784
113 train 5.437337 norm 1.5010
114 train 5.538029 norm 1.6366
115 train 5.455834 norm 1.4474
116 train 5.374768 norm 1.5133
117 train 5.410213 norm 1.5683
118 train 5.272182 norm 1.6303
119 train 5.474715 norm 1.6790
120 train 5.486720 norm 1.1813
121 train 5.483284 norm 1.5988
122 train 5.363926 norm 1.2117
123 train 5.419988 norm 1.4983
124 train 5.269875 norm 1.1712
125 train 5.321932 norm 1.6396
126 train 5.206622 norm 1.2889
127 train 5.306232 norm 1.3877
128 train 5.285003 norm 1.2820
129 train 5.453764 norm 1.2144
130 train 4.995038 norm 1.1531
131 train 5.232497 norm 1.2632
132 train 5.267779 norm 1.4977
133 train 5.174026 norm 1.2086
134 train 5.150128 norm 1.4205
135 train 5.217275 norm 1.5210
136 train 5.133443 norm 1.4471
137 train 5.250621 norm 1.2776
138 train 5.213552 norm 1.3428
139 train 5.270319 norm 1.2398
140 train 5.166376 norm 1.0547
141 train 5.192496 norm 1.1695
142 train 5.120362 norm 1.2207
143 train 5.031085 norm 1.2534
144 train 5.073393 norm 1.1152
145 train 5.200274 norm 1.2889
146 train 5.139548 norm 1.8162
147 train 5.050671 norm 1.2181
148 train 5.032227 norm 1.3534
149 train 5.036524 norm 1.1841
150 train 5.075440 norm 1.4075
151 train 4.894859 norm 1.0034
152 train 5.128290 norm 1.3426
153 train 4.994586 norm 0.9379
154 train 5.135547 norm 1.1009
155 train 4.981089 norm 0.9146
156 train 4.929575 norm 3.2442
157 train 4.845808 norm 0.8394
158 train 4.944006 norm 0.8845
159 train 4.851704 norm 1.0550
160 train 4.905066 norm 1.2270
161 train 4.883132 norm 1.0299
162 train 5.061923 norm 1.3105
163 train 4.818791 norm 1.2127
164 train 4.902236 norm 1.0372
165 train 4.819205 norm 1.1329
166 train 4.863605 norm 1.1356
167 train 4.801701 norm 1.0025
168 train 4.732255 norm 1.0109
169 train 4.987067 norm 1.1835
170 train 5.140844 norm 1.0480
171 train 4.983245 norm 1.0803
172 train 4.918466 norm 1.0056
173 train 4.937080 norm 0.9605
174 train 4.823949 norm 0.8775
175 train 4.847621 norm 0.7683
176 train 4.870080 norm 0.9379
177 train 4.917504 norm 3.2890
178 train 4.937832 norm 0.7857
179 train 5.013006 norm 0.6156
180 train 4.964866 norm 1.0528
181 train 4.905043 norm 1.5021
182 train 4.846748 norm 0.9862
183 train 4.842568 norm 1.0136
184 train 4.802271 norm 1.0388
185 train 4.760911 norm 0.9998
186 train 4.869426 norm 0.9058
187 train 4.956736 norm 1.0247
188 train 4.706006 norm 1.1575
189 train 4.767760 norm 1.0882
190 train 4.743577 norm 1.0170
191 train 4.772359 norm 1.3779
192 train 4.868290 norm 0.7015
193 train 4.847335 norm 0.9983
194 train 4.691361 norm 0.8714
195 train 4.811306 norm 0.8451
196 train 4.767488 norm 0.9710
197 train 4.727467 norm 0.7804
198 train 4.637647 norm 0.6693
199 train 4.651981 norm 0.8159
200 train 4.596527 norm 0.9878
step   200 | loss 4.5965 | lr_muon 7.06e-03 lr_adam 4.24e-04 | norm 0.99 | 132,458 tok/s
201 train 4.663922 norm 0.8981
202 train 4.616010 norm 0.7109
203 train 4.598808 norm 0.8518
204 train 4.805108 norm 0.9222
205 train 4.581473 norm 0.9451
206 train 4.581238 norm 0.7626
207 train 4.583557 norm 0.6364
208 train 4.669873 norm 0.6994
209 train 4.586296 norm 0.6943
210 train 4.597867 norm 0.8282
211 train 4.561459 norm 0.7504
212 train 4.646001 norm 0.7831
213 train 4.513512 norm 0.9965
214 train 4.510063 norm 0.8476
215 train 4.499640 norm 0.7275
216 train 4.645599 norm 0.6711
217 train 4.420572 norm 0.6459
218 train 4.448124 norm 0.7148
219 train 4.386624 norm 0.7444
220 train 4.601098 norm 0.8206
221 train 4.465169 norm 0.7803
222 train 4.419308 norm 0.6068
223 train 4.680026 norm 1.1199
224 train 4.436355 norm 0.6447
225 train 4.421305 norm 0.6515
226 train 4.521330 norm 0.7714
227 train 4.549069 norm 0.9901
228 train 4.558939 norm 0.8149
229 train 4.651174 norm 0.6167
230 train 4.531066 norm 0.7277
231 train 4.546653 norm 0.7877
232 train 4.558132 norm 0.7321
233 train 4.478483 norm 0.5181
234 train 4.520801 norm 0.5576
235 train 4.393141 norm 0.6617
236 train 4.559758 norm 0.8379
237 train 4.597864 norm 0.8501
238 train 4.505424 norm 0.8393
239 train 4.466602 norm 0.7069
240 train 4.399772 norm 0.6313
241 train 4.465353 norm 0.6898
242 train 4.431732 norm 0.6629
243 train 4.519793 norm 0.6771
244 train 4.498819 norm 0.7938
245 train 4.571875 norm 0.7105
246 train 4.411492 norm 0.8321
247 train 4.434884 norm 0.6800
248 train 4.325351 norm 0.5790
249 train 4.391631 norm 0.6041
250 val 4.805607
step   250 | val loss 4.8056
250 train 4.449700 norm 0.6454
251 train 4.430977 norm 0.6432
252 train 4.364535 norm 0.6902
253 train 4.393871 norm 0.6600
254 train 4.462305 norm 0.7782
255 train 4.313001 norm 0.6014
256 train 4.338344 norm 0.5447
257 train 4.356376 norm 0.5568
258 train 4.304693 norm 0.5766
259 train 4.420559 norm 0.6355
260 train 4.304123 norm 0.5761
261 train 4.283967 norm 0.6408
262 train 4.504214 norm 0.6982
263 train 4.260042 norm 0.6718
264 train 4.293868 norm 0.6378
265 train 4.327136 norm 0.6321
266 train 4.261356 norm 0.6006
267 train 4.274615 norm 0.5161
268 train 4.226204 norm 0.5629
269 train 4.171361 norm 0.5333
270 train 4.413403 norm 0.5963
271 train 4.273809 norm 0.7735
272 train 4.216104 norm 0.6427
273 train 4.257438 norm 0.5759
274 train 4.217808 norm 0.5857
275 train 4.220733 norm 0.5200
276 train 4.086529 norm 0.5022
277 train 4.265888 norm 0.5564
278 train 4.202620 norm 0.6071
279 train 4.319934 norm 0.5895
280 train 4.215777 norm 0.6195
281 train 4.166266 norm 0.5359
282 train 4.162803 norm 0.5449
283 train 4.343680 norm 0.5724
284 train 4.375312 norm 0.7669
285 train 4.308146 norm 0.7600
286 train 4.272108 norm 0.4860
287 train 4.436913 norm 0.4682
288 train 4.318560 norm 0.4832
289 train 4.362674 norm 0.5330
290 train 4.257909 norm 0.5502
291 train 4.280834 norm 0.5686
292 train 4.171929 norm 0.5825
293 train 4.300546 norm 0.6114
294 train 4.227684 norm 0.6195
295 train 4.436493 norm 0.5839
296 train 4.291122 norm 0.5589
297 train 4.241014 norm 0.6472
298 train 4.142615 norm 0.6053
299 train 4.208829 norm 0.4994
300 train 4.219618 norm 0.5237
step   300 | loss 4.2196 | lr_muon 1.06e-02 lr_adam 6.34e-04 | norm 0.52 | 132,597 tok/s
301 train 4.229782 norm 0.5980
302 train 4.161490 norm 0.5288
303 train 4.104547 norm 0.5065
304 train 4.281174 norm 0.5194
305 train 4.158769 norm 0.5921
306 train 4.131209 norm 0.5612
307 train 4.140386 norm 0.4790
308 train 4.133514 norm 0.4774
309 train 4.193336 norm 0.5219
310 train 4.111082 norm 0.4594
311 train 4.031835 norm 0.5271
312 train 4.264143 norm 0.6057
313 train 4.111942 norm 0.5424
314 train 4.118341 norm 0.4701
315 train 4.090758 norm 0.4769
316 train 4.034463 norm 0.5460
317 train 4.070776 norm 0.5476
318 train 4.132664 norm 0.4504
319 train 4.028676 norm 0.4009
320 train 4.214269 norm 0.4238
321 train 4.031571 norm 0.4214
322 train 4.042457 norm 0.4623
323 train 4.101478 norm 0.4756
324 train 4.104726 norm 0.4512
325 train 4.101995 norm 0.4832
326 train 4.030547 norm 0.4550
327 train 3.976728 norm 0.4782
328 train 4.044938 norm 0.6025
329 train 4.143428 norm 0.5554
330 train 3.903700 norm 0.4683
331 train 3.899647 norm 0.4518
332 train 3.962142 norm 0.4681
333 train 4.011116 norm 0.5285
334 train 3.952520 norm 0.5326
335 train 3.945020 norm 0.4688
336 train 4.030669 norm 0.4972
337 train 4.111620 norm 0.4667
338 train 3.973607 norm 0.3791
339 train 4.110108 norm 0.5098
340 train 4.021629 norm 0.5830
341 train 4.099151 norm 0.4272
342 train 4.091176 norm 0.3867
343 train 4.118363 norm 0.4380
344 train 4.010644 norm 0.4684
345 train 4.154106 norm 0.4385
346 train 4.106078 norm 0.5764
347 train 4.012593 norm 0.4761
348 train 3.994382 norm 0.4919
349 train 4.007452 norm 0.4605
350 train 4.010689 norm 0.5117
351 train 3.997239 norm 0.5041
352 train 3.983471 norm 0.4531
353 train 3.985530 norm 0.4058
354 train 4.063370 norm 0.4335
355 train 3.939497 norm 0.4398
356 train 3.986676 norm 0.4367
357 train 4.072682 norm 0.5671
358 train 3.925539 norm 0.4475
359 train 4.001724 norm 0.4236
360 train 3.967621 norm 0.4111
361 train 3.964582 norm 0.4226
362 train 4.138197 norm 0.4494
363 train 3.984855 norm 0.4512
364 train 3.911627 norm 0.4245
365 train 3.877684 norm 0.4441
366 train 3.996926 norm 0.5598
367 train 3.863292 norm 0.4700
368 train 3.860635 norm 0.4182
369 train 3.845673 norm 0.4518
370 train 3.960390 norm 0.4504
371 train 3.848858 norm 0.6064
372 train 3.851207 norm 0.4232
373 train 3.840294 norm 0.4189
374 train 3.861354 norm 0.4373
375 train 3.827246 norm 0.4904
376 train 3.836845 norm 0.4420
377 train 3.806110 norm 0.4153
378 train 3.840889 norm 0.4279
379 train 3.974549 norm 0.4656
380 train 3.729824 norm 0.4437
381 train 3.782972 norm 0.4139
382 train 3.709049 norm 0.4482
383 train 3.727793 norm 0.4162
384 train 3.675867 norm 0.3891
385 train 3.765827 norm 1.8588
386 train 3.743536 norm 1.2240
387 train 3.809042 norm 1.0963
388 train 3.738890 norm 0.5022
389 train 3.693967 norm 1.0735
390 train 3.829573 norm 0.7403
391 train 3.676980 norm 0.4741
392 train 3.691622 norm 0.4580
393 train 3.681753 norm 0.4421
394 train 3.735200 norm 0.4328
395 train 3.937395 norm 0.5152
396 train 3.846311 norm 0.4939
train sources: edu_fineweb10B=0.82, code_python=0.18
val sources: edu_fineweb10B=1.00
run=modern_1024x24 params=480.9M world=1 B=16 grad_accum=16 total_batch=524288 muon_lr=0.02 adam_lr=0.0012 max_steps=19073
0 val 11.032026
step     0 | val loss 11.0320
0 train 11.017735 norm 66.1152 lr_muon 6.99e-05 lr_adam 4.20e-06 tok_s 9763 | 1/19073 (0.0%) | elapsed 0h00m | eta 284h31m
10 train 10.242578 norm 41.7201 lr_muon 4.20e-04 lr_adam 2.52e-05 tok_s 132894 | 11/19073 (0.1%) | elapsed 0h01m | eta 44h48m
train sources: edu_fineweb10B=0.82, code_python=0.18
val sources: edu_fineweb10B=1.00
run=modern_1024x24 params=480.9M world=1 B=16 grad_accum=16 total_batch=524288 muon_lr=0.02 adam_lr=0.0012 max_steps=19073
0 val 11.032026
step     0 | val loss 11.0320
0 train 11.017735 norm 66.1152 lr_muon 6.99e-05 lr_adam 4.20e-06 tok_s 11261 | 1/19073 (0.0%) | elapsed 0h00m | eta 246h38m
train sources: edu_fineweb10B=0.82, code_python=0.18
val sources: edu_fineweb10B=1.00
run=modern_1024x24 params=480.9M world=1 B=16 grad_accum=16 total_batch=524288 muon_lr=0.02 adam_lr=0.0012 max_steps=19073
0 val 11.032026
step     0 | val loss 11.0320
0 train 11.017735 norm 66.1152 lr_muon 6.99e-05 lr_adam 4.20e-06 tok_s 11054 | 1/19073 (0.0%) | elapsed 0h00m | eta (compiling)
10 train 10.242597 norm 41.7214 lr_muon 4.20e-04 lr_adam 2.52e-05 tok_s 132679 | 11/19073 (0.1%) | elapsed 0h01m | eta 20h52m
20 train 8.733270 norm 13.0368 lr_muon 7.69e-04 lr_adam 4.62e-05 tok_s 132477 | 21/19073 (0.1%) | elapsed 0h02m | eta 20h54m
30 train 7.453044 norm 12.6066 lr_muon 1.12e-03 lr_adam 6.71e-05 tok_s 132472 | 31/19073 (0.2%) | elapsed 0h02m | eta 20h55m
40 train 7.002956 norm 5.7004 lr_muon 1.47e-03 lr_adam 8.81e-05 tok_s 132474 | 41/19073 (0.2%) | elapsed 0h03m | eta 20h55m
50 train 6.362189 norm 4.8424 lr_muon 1.82e-03 lr_adam 1.09e-04 tok_s 132389 | 51/19073 (0.3%) | elapsed 0h04m | eta 20h55m
60 train 6.167831 norm 3.4672 lr_muon 2.17e-03 lr_adam 1.30e-04 tok_s 132265 | 61/19073 (0.3%) | elapsed 0h04m | eta 20h54m
70 train 6.084260 norm 2.5033 lr_muon 2.52e-03 lr_adam 1.51e-04 tok_s 132330 | 71/19073 (0.4%) | elapsed 0h05m | eta 20h53m
80 train 5.745882 norm 2.1490 lr_muon 2.87e-03 lr_adam 1.72e-04 tok_s 132431 | 81/19073 (0.4%) | elapsed 0h06m | eta 20h53m
90 train 5.515545 norm 1.5873 lr_muon 3.22e-03 lr_adam 1.93e-04 tok_s 132233 | 91/19073 (0.5%) | elapsed 0h06m | eta 20h53m
100 train 5.517149 norm 1.3632 lr_muon 3.57e-03 lr_adam 2.14e-04 tok_s 132446 | 101/19073 (0.5%) | elapsed 0h07m | eta 20h52m
110 train 5.368583 norm 1.7915 lr_muon 3.92e-03 lr_adam 2.35e-04 tok_s 132426 | 111/19073 (0.6%) | elapsed 0h08m | eta 20h51m
120 train 5.492780 norm 1.3010 lr_muon 4.27e-03 lr_adam 2.56e-04 tok_s 132572 | 121/19073 (0.6%) | elapsed 0h08m | eta 20h50m
130 train 5.002672 norm 1.6478 lr_muon 4.62e-03 lr_adam 2.77e-04 tok_s 132475 | 131/19073 (0.7%) | elapsed 0h09m | eta 20h49m
140 train 5.159614 norm 1.0752 lr_muon 4.97e-03 lr_adam 2.98e-04 tok_s 132203 | 141/19073 (0.7%) | elapsed 0h10m | eta 20h50m
150 train 5.058716 norm 1.1740 lr_muon 5.31e-03 lr_adam 3.19e-04 tok_s 132441 | 151/19073 (0.8%) | elapsed 0h10m | eta 20h48m
160 train 4.900048 norm 1.1126 lr_muon 5.66e-03 lr_adam 3.40e-04 tok_s 132316 | 161/19073 (0.8%) | elapsed 0h11m | eta 20h49m
170 train 5.146618 norm 1.1912 lr_muon 6.01e-03 lr_adam 3.61e-04 tok_s 132337 | 171/19073 (0.9%) | elapsed 0h12m | eta 20h48m
180 train 4.985814 norm 1.4367 lr_muon 6.36e-03 lr_adam 3.82e-04 tok_s 132103 | 181/19073 (0.9%) | elapsed 0h12m | eta 20h47m
190 train 4.731669 norm 0.9683 lr_muon 6.71e-03 lr_adam 4.03e-04 tok_s 132368 | 191/19073 (1.0%) | elapsed 0h13m | eta 20h47m
200 train 4.586041 norm 0.8279 lr_muon 7.06e-03 lr_adam 4.24e-04 tok_s 132251 | 201/19073 (1.1%) | elapsed 0h13m | eta 20h46m
210 train 4.602264 norm 0.8058 lr_muon 7.41e-03 lr_adam 4.45e-04 tok_s 132073 | 211/19073 (1.1%) | elapsed 0h14m | eta 20h46m
220 train 4.608086 norm 0.8221 lr_muon 7.76e-03 lr_adam 4.66e-04 tok_s 132324 | 221/19073 (1.2%) | elapsed 0h15m | eta 20h45m
230 train 4.524306 norm 0.6568 lr_muon 8.11e-03 lr_adam 4.87e-04 tok_s 132527 | 231/19073 (1.2%) | elapsed 0h15m | eta 20h44m
240 train 4.399133 norm 0.6588 lr_muon 8.46e-03 lr_adam 5.08e-04 tok_s 132397 | 241/19073 (1.3%) | elapsed 0h16m | eta 20h48m
250 val 4.807497
step   250 | val loss 4.8075
250 train 4.457298 norm 0.7763 lr_muon 8.81e-03 lr_adam 5.29e-04 tok_s 85342 | 251/19073 (1.3%) | elapsed 0h17m | eta 21h54m
260 train 4.297922 norm 0.5129 lr_muon 9.16e-03 lr_adam 5.50e-04 tok_s 132185 | 261/19073 (1.4%) | elapsed 0h18m | eta 21h08m
270 train 4.416061 norm 0.6522 lr_muon 9.51e-03 lr_adam 5.71e-04 tok_s 131787 | 271/19073 (1.4%) | elapsed 0h18m | eta 20h52m
280 train 4.209700 norm 0.5687 lr_muon 9.86e-03 lr_adam 5.92e-04 tok_s 132561 | 281/19073 (1.5%) | elapsed 0h19m | eta 20h44m
290 train 4.264023 norm 0.7234 lr_muon 1.02e-02 lr_adam 6.13e-04 tok_s 132165 | 291/19073 (1.5%) | elapsed 0h19m | eta 20h42m
300 train 4.225539 norm 0.5516 lr_muon 1.06e-02 lr_adam 6.34e-04 tok_s 132034 | 301/19073 (1.6%) | elapsed 0h20m | eta 20h41m
310 train 4.109543 norm 0.4912 lr_muon 1.09e-02 lr_adam 6.55e-04 tok_s 132050 | 311/19073 (1.6%) | elapsed 0h21m | eta 20h40m
320 train 4.219228 norm 0.4336 lr_muon 1.13e-02 lr_adam 6.76e-04 tok_s 132355 | 321/19073 (1.7%) | elapsed 0h21m | eta 20h39m
330 train 3.898008 norm 0.4716 lr_muon 1.16e-02 lr_adam 6.97e-04 tok_s 132422 | 331/19073 (1.7%) | elapsed 0h22m | eta 20h38m
340 train 4.014203 norm 0.5009 lr_muon 1.20e-02 lr_adam 7.17e-04 tok_s 132263 | 341/19073 (1.8%) | elapsed 0h23m | eta 20h38m
350 train 4.007796 norm 0.5059 lr_muon 1.23e-02 lr_adam 7.38e-04 tok_s 131810 | 351/19073 (1.8%) | elapsed 0h23m | eta 20h38m
360 train 3.970364 norm 0.4789 lr_muon 1.27e-02 lr_adam 7.59e-04 tok_s 132226 | 361/19073 (1.9%) | elapsed 0h24m | eta 20h38m
370 train 3.963764 norm 0.5434 lr_muon 1.30e-02 lr_adam 7.80e-04 tok_s 131759 | 371/19073 (1.9%) | elapsed 0h25m | eta 20h38m
380 train 3.722540 norm 0.4311 lr_muon 1.34e-02 lr_adam 8.01e-04 tok_s 132086 | 381/19073 (2.0%) | elapsed 0h25m | eta 20h36m
390 train 3.810938 norm 0.7151 lr_muon 1.37e-02 lr_adam 8.22e-04 tok_s 132207 | 391/19073 (2.1%) | elapsed 0h26m | eta 20h35m
400 train 3.813017 norm 0.4286 lr_muon 1.41e-02 lr_adam 8.43e-04 tok_s 132299 | 401/19073 (2.1%) | elapsed 0h27m | eta 20h34m
410 train 3.701231 norm 0.4377 lr_muon 1.44e-02 lr_adam 8.64e-04 tok_s 132272 | 411/19073 (2.2%) | elapsed 0h27m | eta 20h33m
420 train 3.843763 norm 0.3585 lr_muon 1.48e-02 lr_adam 8.85e-04 tok_s 132093 | 421/19073 (2.2%) | elapsed 0h28m | eta 20h33m
430 train 3.675767 norm 0.3218 lr_muon 1.51e-02 lr_adam 9.06e-04 tok_s 132329 | 431/19073 (2.3%) | elapsed 0h29m | eta 20h33m
440 train 3.539768 norm 0.3779 lr_muon 1.55e-02 lr_adam 9.27e-04 tok_s 132060 | 441/19073 (2.3%) | elapsed 0h29m | eta 20h32m
450 train 3.545213 norm 0.4142 lr_muon 1.58e-02 lr_adam 9.48e-04 tok_s 132212 | 451/19073 (2.4%) | elapsed 0h30m | eta 20h31m
460 train 3.626806 norm 0.3886 lr_muon 1.62e-02 lr_adam 9.69e-04 tok_s 132195 | 461/19073 (2.4%) | elapsed 0h31m | eta 20h31m
470 train 3.778752 norm 0.3911 lr_muon 1.65e-02 lr_adam 9.90e-04 tok_s 131870 | 471/19073 (2.5%) | elapsed 0h31m | eta 20h45m
480 train 3.557536 norm 0.3060 lr_muon 1.69e-02 lr_adam 1.01e-03 tok_s 131816 | 481/19073 (2.5%) | elapsed 0h32m | eta 20h35m
490 train 3.492005 norm 0.3529 lr_muon 1.72e-02 lr_adam 1.03e-03 tok_s 132042 | 491/19073 (2.6%) | elapsed 0h33m | eta 20h31m
500 val 3.982372
step   500 | val loss 3.9824
500 train 3.551277 norm 0.8190 lr_muon 1.76e-02 lr_adam 1.05e-03 tok_s 82260 | 501/19073 (2.6%) | elapsed 0h33m | eta 21h44m
510 train 3.617497 norm 0.3921 lr_muon 1.79e-02 lr_adam 1.07e-03 tok_s 132146 | 511/19073 (2.7%) | elapsed 0h34m | eta 20h55m
520 train 3.617987 norm 0.3593 lr_muon 1.83e-02 lr_adam 1.10e-03 tok_s 131877 | 521/19073 (2.7%) | elapsed 0h35m | eta 20h38m
530 train 3.546642 norm 0.3827 lr_muon 1.86e-02 lr_adam 1.12e-03 tok_s 132035 | 531/19073 (2.8%) | elapsed 0h35m | eta 20h31m
540 train 3.461902 norm 0.6566 lr_muon 1.90e-02 lr_adam 1.14e-03 tok_s 131950 | 541/19073 (2.8%) | elapsed 0h36m | eta 20h28m
550 train 3.516814 norm 0.3628 lr_muon 1.93e-02 lr_adam 1.16e-03 tok_s 131786 | 551/19073 (2.9%) | elapsed 0h37m | eta 20h27m
560 train 3.429970 norm 0.3243 lr_muon 1.97e-02 lr_adam 1.18e-03 tok_s 131609 | 561/19073 (2.9%) | elapsed 0h37m | eta 20h26m
570 train 3.568366 norm 0.3010 lr_muon 2.00e-02 lr_adam 1.20e-03 tok_s 131934 | 571/19073 (3.0%) | elapsed 0h38m | eta 20h25m
580 train 3.457051 norm 0.3951 lr_muon 2.00e-02 lr_adam 1.20e-03 tok_s 131913 | 581/19073 (3.0%) | elapsed 0h39m | eta 20h25m
590 train 3.422198 norm 0.2996 lr_muon 2.00e-02 lr_adam 1.20e-03 tok_s 131890 | 591/19073 (3.1%) | elapsed 0h39m | eta 20h24m
600 train 3.417109 norm 0.2433 lr_muon 2.00e-02 lr_adam 1.20e-03 tok_s 131986 | 601/19073 (3.2%) | elapsed 0h40m | eta 20h23m
610 train 3.372144 norm 0.3079 lr_muon 2.00e-02 lr_adam 1.20e-03 tok_s 131889 | 611/19073 (3.2%) | elapsed 0h41m | eta 20h23m
620 train 3.395593 norm 0.2895 lr_muon 2.00e-02 lr_adam 1.20e-03 tok_s 131846 | 621/19073 (3.3%) | elapsed 0h41m | eta 20h22m
630 train 3.338126 norm 0.2802 lr_muon 2.00e-02 lr_adam 1.20e-03 tok_s 131929 | 631/19073 (3.3%) | elapsed 0h42m | eta 20h21m
640 train 3.334446 norm 0.3190 lr_muon 2.00e-02 lr_adam 1.20e-03 tok_s 132134 | 641/19073 (3.4%) | elapsed 0h43m | eta 20h20m
650 train 3.306846 norm 0.2204 lr_muon 2.00e-02 lr_adam 1.20e-03 tok_s 131855 | 651/19073 (3.4%) | elapsed 0h43m | eta 20h20m
660 train 3.262992 norm 0.2221 lr_muon 2.00e-02 lr_adam 1.20e-03 tok_s 131808 | 661/19073 (3.5%) | elapsed 0h44m | eta 20h20m
670 train 3.379797 norm 0.2414 lr_muon 2.00e-02 lr_adam 1.20e-03 tok_s 131869 | 671/19073 (3.5%) | elapsed 0h45m | eta 20h19m
680 train 3.321394 norm 0.2808 lr_muon 2.00e-02 lr_adam 1.20e-03 tok_s 131917 | 681/19073 (3.6%) | elapsed 0h45m | eta 20h18m
690 train 3.276711 norm 0.2858 lr_muon 2.00e-02 lr_adam 1.20e-03 tok_s 131911 | 691/19073 (3.6%) | elapsed 0h46m | eta 20h17m
700 train 3.268140 norm 0.2386 lr_muon 2.00e-02 lr_adam 1.20e-03 tok_s 131838 | 701/19073 (3.7%) | elapsed 0h47m | eta 20h33m
710 train 3.204268 norm 0.2975 lr_muon 2.00e-02 lr_adam 1.20e-03 tok_s 131723 | 711/19073 (3.7%) | elapsed 0h47m | eta 20h22m
720 train 3.401464 norm 0.2143 lr_muon 2.00e-02 lr_adam 1.20e-03 tok_s 131937 | 721/19073 (3.8%) | elapsed 0h48m | eta 20h17m
730 train 3.115200 norm 0.2462 lr_muon 2.00e-02 lr_adam 1.20e-03 tok_s 132012 | 731/19073 (3.8%) | elapsed 0h49m | eta 20h15m
740 train 3.270241 norm 0.2941 lr_muon 2.00e-02 lr_adam 1.20e-03 tok_s 131950 | 741/19073 (3.9%) | elapsed 0h49m | eta 20h14m
750 val 3.661512
step   750 | val loss 3.6615
750 train 3.261885 norm 0.2188 lr_muon 2.00e-02 lr_adam 1.20e-03 tok_s 84367 | 751/19073 (3.9%) | elapsed 0h50m | eta 21h21m
760 train 3.207652 norm 0.2942 lr_muon 2.00e-02 lr_adam 1.20e-03 tok_s 131974 | 761/19073 (4.0%) | elapsed 0h51m | eta 20h36m
770 train 3.352960 norm 0.2120 lr_muon 2.00e-02 lr_adam 1.20e-03 tok_s 132269 | 771/19073 (4.0%) | elapsed 0h51m | eta 20h19m
780 train 3.169425 norm 0.2986 lr_muon 2.00e-02 lr_adam 1.20e-03 tok_s 132114 | 781/19073 (4.1%) | elapsed 0h52m | eta 20h13m
790 train 3.152112 norm 0.2145 lr_muon 2.00e-02 lr_adam 1.20e-03 tok_s 131935 | 791/19073 (4.1%) | elapsed 0h53m | eta 20h11m
800 train 3.252984 norm 0.2227 lr_muon 2.00e-02 lr_adam 1.20e-03 tok_s 131886 | 801/19073 (4.2%) | elapsed 0h53m | eta 20h10m
810 train 3.096544 norm 0.1991 lr_muon 2.00e-02 lr_adam 1.20e-03 tok_s 131868 | 811/19073 (4.3%) | elapsed 0h54m | eta 20h10m
820 train 3.307035 norm 0.2374 lr_muon 2.00e-02 lr_adam 1.20e-03 tok_s 131623 | 821/19073 (4.3%) | elapsed 0h55m | eta 20h10m
830 train 3.179349 norm 0.2521 lr_muon 2.00e-02 lr_adam 1.20e-03 tok_s 131449 | 831/19073 (4.4%) | elapsed 0h55m | eta 20h10m
840 train 3.067076 norm 0.2014 lr_muon 2.00e-02 lr_adam 1.20e-03 tok_s 131659 | 841/19073 (4.4%) | elapsed 0h56m | eta 20h09m
850 train 3.197359 norm 0.2155 lr_muon 2.00e-02 lr_adam 1.20e-03 tok_s 132032 | 851/19073 (4.5%) | elapsed 0h57m | eta 20h07m
860 train 3.186827 norm 0.2502 lr_muon 2.00e-02 lr_adam 1.20e-03 tok_s 132174 | 861/19073 (4.5%) | elapsed 0h57m | eta 20h06m
870 train 3.297888 norm 0.2304 lr_muon 2.00e-02 lr_adam 1.20e-03 tok_s 131760 | 871/19073 (4.6%) | elapsed 0h58m | eta 20h06m
880 train 3.097230 norm 0.2151 lr_muon 2.00e-02 lr_adam 1.20e-03 tok_s 131728 | 881/19073 (4.6%) | elapsed 0h59m | eta 20h06m
890 train 3.088400 norm 0.2235 lr_muon 2.00e-02 lr_adam 1.20e-03 tok_s 131995 | 891/19073 (4.7%) | elapsed 0h59m | eta 20h04m
900 train 3.071627 norm 0.2388 lr_muon 2.00e-02 lr_adam 1.20e-03 tok_s 131877 | 901/19073 (4.7%) | elapsed 1h00m | eta 20h03m
910 train 3.212181 norm 0.2177 lr_muon 2.00e-02 lr_adam 1.20e-03 tok_s 132059 | 911/19073 (4.8%) | elapsed 1h01m | eta 20h02m
920 train 3.341395 norm 0.2379 lr_muon 2.00e-02 lr_adam 1.20e-03 tok_s 132064 | 921/19073 (4.8%) | elapsed 1h01m | eta 20h02m
930 train 3.171323 norm 0.2244 lr_muon 2.00e-02 lr_adam 1.20e-03 tok_s 112680 | 931/19073 (4.9%) | elapsed 1h02m | eta 20h22m
940 train 3.121335 norm 0.2086 lr_muon 2.00e-02 lr_adam 1.20e-03 tok_s 131699 | 941/19073 (4.9%) | elapsed 1h03m | eta 20h08m
950 train 3.146315 norm 0.2375 lr_muon 2.00e-02 lr_adam 1.20e-03 tok_s 131827 | 951/19073 (5.0%) | elapsed 1h03m | eta 20h03m
960 train 3.055223 norm 0.1989 lr_muon 2.00e-02 lr_adam 1.20e-03 tok_s 132021 | 961/19073 (5.0%) | elapsed 1h04m | eta 20h00m
970 train 3.328519 norm 0.7594 lr_muon 2.00e-02 lr_adam 1.20e-03 tok_s 131962 | 971/19073 (5.1%) | elapsed 1h05m | eta 19h59m
980 train 3.151561 norm 0.2138 lr_muon 2.00e-02 lr_adam 1.20e-03 tok_s 131868 | 981/19073 (5.1%) | elapsed 1h05m | eta 19h58m
990 train 3.116673 norm 0.2325 lr_muon 2.00e-02 lr_adam 1.20e-03 tok_s 132141 | 991/19073 (5.2%) | elapsed 1h06m | eta 19h57m
1000 val 3.525997
step  1000 | val loss 3.5260
1000 train 3.109906 norm 0.2553 lr_muon 2.00e-02 lr_adam 1.20e-03 tok_s 85245 | 1001/19073 (5.2%) | elapsed 1h07m | eta 21h02m
saved checkpoint -> /workspace/runs/modern_1024x24/checkpoints/ckpt_001000.pt
1010 train 3.052171 norm 0.2147 lr_muon 2.00e-02 lr_adam 1.20e-03 tok_s 131875 | 1011/19073 (5.3%) | elapsed 1h07m | eta 20h18m
1020 train 3.256554 norm 0.2253 lr_muon 2.00e-02 lr_adam 1.20e-03 tok_s 131656 | 1021/19073 (5.4%) | elapsed 1h08m | eta 20h04m
1030 train 3.103095 norm 0.1865 lr_muon 2.00e-02 lr_adam 1.20e-03 tok_s 131785 | 1031/19073 (5.4%) | elapsed 1h09m | eta 19h59m
1040 train 3.129485 norm 0.2355 lr_muon 2.00e-02 lr_adam 1.20e-03 tok_s 131836 | 1041/19073 (5.5%) | elapsed 1h09m | eta 19h56m
1050 train 3.092133 norm 0.2405 lr_muon 2.00e-02 lr_adam 1.20e-03 tok_s 131790 | 1051/19073 (5.5%) | elapsed 1h10m | eta 19h54m
1060 train 3.008652 norm 0.1927 lr_muon 2.00e-02 lr_adam 1.20e-03 tok_s 131813 | 1061/19073 (5.6%) | elapsed 1h11m | eta 20h22m
1070 train 3.143351 norm 0.2106 lr_muon 2.00e-02 lr_adam 1.20e-03 tok_s 131677 | 1071/19073 (5.6%) | elapsed 1h11m | eta 20h03m
1080 train 3.098678 norm 0.2237 lr_muon 2.00e-02 lr_adam 1.20e-03 tok_s 131719 | 1081/19073 (5.7%) | elapsed 1h12m | eta 19h56m
1090 train 3.074308 norm 0.2385 lr_muon 2.00e-02 lr_adam 1.20e-03 tok_s 132098 | 1091/19073 (5.7%) | elapsed 1h13m | eta 19h52m
1100 train 3.067128 norm 0.2203 lr_muon 2.00e-02 lr_adam 1.20e-03 tok_s 131743 | 1101/19073 (5.8%) | elapsed 1h13m | eta 19h52m
1110 train 3.112200 norm 0.2252 lr_muon 2.00e-02 lr_adam 1.20e-03 tok_s 131659 | 1111/19073 (5.8%) | elapsed 1h14m | eta 19h52m
1120 train 3.093338 norm 0.2185 lr_muon 2.00e-02 lr_adam 1.20e-03 tok_s 131642 | 1121/19073 (5.9%) | elapsed 1h15m | eta 19h50m
1130 train 3.036867 norm 0.1948 lr_muon 2.00e-02 lr_adam 1.20e-03 tok_s 131937 | 1131/19073 (5.9%) | elapsed 1h15m | eta 19h49m
1140 train 3.140987 norm 0.2581 lr_muon 2.00e-02 lr_adam 1.20e-03 tok_s 132064 | 1141/19073 (6.0%) | elapsed 1h16m | eta 19h48m
1150 train 3.090440 norm 0.2042 lr_muon 2.00e-02 lr_adam 1.20e-03 tok_s 131784 | 1151/19073 (6.0%) | elapsed 1h17m | eta 19h47m
1160 train 3.083380 norm 0.1907 lr_muon 2.00e-02 lr_adam 1.20e-03 tok_s 131920 | 1161/19073 (6.1%) | elapsed 1h17m | eta 19h46m
1170 train 3.169027 norm 0.2306 lr_muon 2.00e-02 lr_adam 1.20e-03 tok_s 132105 | 1171/19073 (6.1%) | elapsed 1h18m | eta 19h53m
1180 train 2.959957 norm 0.2221 lr_muon 2.00e-02 lr_adam 1.20e-03 tok_s 132003 | 1181/19073 (6.2%) | elapsed 1h19m | eta 19h47m
1190 train 3.156505 norm 0.2586 lr_muon 2.00e-02 lr_adam 1.20e-03 tok_s 131866 | 1191/19073 (6.2%) | elapsed 1h19m | eta 19h45m
1200 train 3.076510 norm 0.1994 lr_muon 2.00e-02 lr_adam 1.20e-03 tok_s 132313 | 1201/19073 (6.3%) | elapsed 1h20m | eta 19h44m
1210 train 3.078927 norm 0.1919 lr_muon 2.00e-02 lr_adam 1.20e-03 tok_s 132330 | 1211/19073 (6.3%) | elapsed 1h21m | eta 19h43m
1220 train 3.177469 norm 0.2397 lr_muon 2.00e-02 lr_adam 1.20e-03 tok_s 131814 | 1221/19073 (6.4%) | elapsed 1h21m | eta 19h43m
1230 train 2.953628 norm 0.2339 lr_muon 2.00e-02 lr_adam 1.20e-03 tok_s 131970 | 1231/19073 (6.5%) | elapsed 1h22m | eta 19h42m
1240 train 2.948639 norm 0.2476 lr_muon 2.00e-02 lr_adam 1.20e-03 tok_s 131690 | 1241/19073 (6.5%) | elapsed 1h23m | eta 19h42m
1250 val 3.447206
step  1250 | val loss 3.4472
1250 train 3.121327 norm 0.2606 lr_muon 2.00e-02 lr_adam 1.20e-03 tok_s 86023 | 1251/19073 (6.6%) | elapsed 1h23m | eta 20h44m
1260 train 3.100230 norm 0.1897 lr_muon 2.00e-02 lr_adam 1.20e-03 tok_s 131202 | 1261/19073 (6.6%) | elapsed 1h24m | eta 20h03m
1270 train 3.227502 norm 0.2088 lr_muon 2.00e-02 lr_adam 1.20e-03 tok_s 131724 | 1271/19073 (6.7%) | elapsed 1h25m | eta 19h48m
1280 train 3.038719 norm 0.1967 lr_muon 2.00e-02 lr_adam 1.20e-03 tok_s 131847 | 1281/19073 (6.7%) | elapsed 1h25m | eta 19h42m
1290 train 2.914339 norm 0.2066 lr_muon 2.00e-02 lr_adam 1.20e-03 tok_s 131574 | 1291/19073 (6.8%) | elapsed 1h26m | eta 19h40m
1300 train 3.136077 norm 0.2349 lr_muon 2.00e-02 lr_adam 1.20e-03 tok_s 131684 | 1301/19073 (6.8%) | elapsed 1h27m | eta 19h39m
1310 train 3.057271 norm 0.2056 lr_muon 2.00e-02 lr_adam 1.20e-03 tok_s 131428 | 1311/19073 (6.9%) | elapsed 1h27m | eta 19h39m
1320 train 3.171097 norm 0.2025 lr_muon 2.00e-02 lr_adam 1.20e-03 tok_s 131700 | 1321/19073 (6.9%) | elapsed 1h28m | eta 19h37m
1330 train 2.982605 norm 0.2080 lr_muon 2.00e-02 lr_adam 1.20e-03 tok_s 131778 | 1331/19073 (7.0%) | elapsed 1h29m | eta 19h37m
1340 train 2.906594 norm 0.1884 lr_muon 2.00e-02 lr_adam 1.20e-03 tok_s 131720 | 1341/19073 (7.0%) | elapsed 1h29m | eta 19h36m
1350 train 3.020264 norm 0.2092 lr_muon 2.00e-02 lr_adam 1.20e-03 tok_s 131731 | 1351/19073 (7.1%) | elapsed 1h30m | eta 19h35m
1360 train 3.001801 norm 0.2068 lr_muon 2.00e-02 lr_adam 1.20e-03 tok_s 131776 | 1361/19073 (7.1%) | elapsed 1h31m | eta 19h34m
1370 train 3.213709 norm 0.2084 lr_muon 2.00e-02 lr_adam 1.20e-03 tok_s 131718 | 1371/19073 (7.2%) | elapsed 1h31m | eta 19h33m
1380 train 3.034732 norm 0.2495 lr_muon 2.00e-02 lr_adam 1.20e-03 tok_s 131743 | 1381/19073 (7.2%) | elapsed 1h32m | eta 19h32m
1390 train 3.071721 norm 0.2055 lr_muon 2.00e-02 lr_adam 1.20e-03 tok_s 131908 | 1391/19073 (7.3%) | elapsed 1h33m | eta 19h31m
1400 train 2.923511 norm 0.2032 lr_muon 2.00e-02 lr_adam 1.20e-03 tok_s 131831 | 1401/19073 (7.3%) | elapsed 1h33m | eta 19h45m
1410 train 2.885724 norm 0.2363 lr_muon 2.00e-02 lr_adam 1.20e-03 tok_s 131772 | 1411/19073 (7.4%) | elapsed 1h34m | eta 19h35m
1420 train 3.108271 norm 0.2114 lr_muon 2.00e-02 lr_adam 1.20e-03 tok_s 131950 | 1421/19073 (7.5%) | elapsed 1h35m | eta 19h31m
1430 train 3.057355 norm 0.2084 lr_muon 2.00e-02 lr_adam 1.20e-03 tok_s 131719 | 1431/19073 (7.5%) | elapsed 1h35m | eta 19h30m
1440 train 2.954868 norm 0.1886 lr_muon 2.00e-02 lr_adam 1.20e-03 tok_s 131455 | 1441/19073 (7.6%) | elapsed 1h36m | eta 19h31m
1450 train 2.868223 norm 0.1984 lr_muon 2.00e-02 lr_adam 1.20e-03 tok_s 131769 | 1451/19073 (7.6%) | elapsed 1h37m | eta 19h29m
1460 train 2.877713 norm 0.1883 lr_muon 2.00e-02 lr_adam 1.20e-03 tok_s 131813 | 1461/19073 (7.7%) | elapsed 1h37m | eta 19h28m
1470 train 3.115330 norm 0.1972 lr_muon 2.00e-02 lr_adam 1.20e-03 tok_s 131544 | 1471/19073 (7.7%) | elapsed 1h38m | eta 19h27m
1480 train 2.978703 norm 0.2392 lr_muon 2.00e-02 lr_adam 1.20e-03 tok_s 131752 | 1481/19073 (7.8%) | elapsed 1h39m | eta 19h27m
1490 train 2.971747 norm 0.1992 lr_muon 2.00e-02 lr_adam 1.20e-03 tok_s 131556 | 1491/19073 (7.8%) | elapsed 1h39m | eta 19h27m
1500 val 3.388390
step  1500 | val loss 3.3884
1500 train 2.937576 norm 0.1829 lr_muon 2.00e-02 lr_adam 1.20e-03 tok_s 84276 | 1501/19073 (7.9%) | elapsed 1h40m | eta 20h32m
1510 train 2.929237 norm 0.2172 lr_muon 2.00e-02 lr_adam 1.20e-03 tok_s 131686 | 1511/19073 (7.9%) | elapsed 1h41m | eta 19h48m
1520 train 3.019660 norm 0.2056 lr_muon 2.00e-02 lr_adam 1.20e-03 tok_s 131619 | 1521/19073 (8.0%) | elapsed 1h41m | eta 19h33m
1530 train 2.998271 norm 0.2897 lr_muon 2.00e-02 lr_adam 1.20e-03 tok_s 131925 | 1531/19073 (8.0%) | elapsed 1h42m | eta 19h26m
1540 train 3.000332 norm 0.2181 lr_muon 2.00e-02 lr_adam 1.20e-03 tok_s 131954 | 1541/19073 (8.1%) | elapsed 1h43m | eta 19h24m
1550 train 3.017935 norm 0.2274 lr_muon 2.00e-02 lr_adam 1.20e-03 tok_s 131538 | 1551/19073 (8.1%) | elapsed 1h43m | eta 19h23m
1560 train 2.906241 norm 0.2062 lr_muon 2.00e-02 lr_adam 1.20e-03 tok_s 131728 | 1561/19073 (8.2%) | elapsed 1h44m | eta 19h22m
1570 train 3.057276 norm 0.2167 lr_muon 2.00e-02 lr_adam 1.20e-03 tok_s 131467 | 1571/19073 (8.2%) | elapsed 1h45m | eta 19h21m
1580 train 2.817651 norm 0.1895 lr_muon 2.00e-02 lr_adam 1.20e-03 tok_s 131507 | 1581/19073 (8.3%) | elapsed 1h45m | eta 19h21m
1590 train 2.940458 norm 0.2130 lr_muon 2.00e-02 lr_adam 1.20e-03 tok_s 131609 | 1591/19073 (8.3%) | elapsed 1h46m | eta 19h20m
1600 train 3.013937 norm 0.1726 lr_muon 2.00e-02 lr_adam 1.20e-03 tok_s 131672 | 1601/19073 (8.4%) | elapsed 1h47m | eta 19h19m
1610 train 2.961217 norm 0.3083 lr_muon 2.00e-02 lr_adam 1.20e-03 tok_s 131718 | 1611/19073 (8.4%) | elapsed 1h47m | eta 19h18m
1620 train 3.072602 norm 0.2194 lr_muon 2.00e-02 lr_adam 1.20e-03 tok_s 131565 | 1621/19073 (8.5%) | elapsed 1h48m | eta 19h18m
1630 train 2.920881 norm 0.2202 lr_muon 2.00e-02 lr_adam 1.20e-03 tok_s 131563 | 1631/19073 (8.6%) | elapsed 1h49m | eta 19h31m
1640 train 2.843768 norm 0.2489 lr_muon 2.00e-02 lr_adam 1.20e-03 tok_s 131752 | 1641/19073 (8.6%) | elapsed 1h49m | eta 19h21m
1650 train 2.879609 norm 0.2263 lr_muon 2.00e-02 lr_adam 1.20e-03 tok_s 131712 | 1651/19073 (8.7%) | elapsed 1h50m | eta 19h17m
1660 train 3.019910 norm 0.2181 lr_muon 2.00e-02 lr_adam 1.20e-03 tok_s 131634 | 1661/19073 (8.7%) | elapsed 1h51m | eta 19h16m
1670 train 3.069756 norm 0.2173 lr_muon 2.00e-02 lr_adam 1.20e-03 tok_s 131772 | 1671/19073 (8.8%) | elapsed 1h51m | eta 19h14m
1680 train 3.051702 norm 0.2106 lr_muon 2.00e-02 lr_adam 1.20e-03 tok_s 131680 | 1681/19073 (8.8%) | elapsed 1h52m | eta 19h14m
1690 train 2.951096 norm 0.2778 lr_muon 2.00e-02 lr_adam 1.20e-03 tok_s 131435 | 1691/19073 (8.9%) | elapsed 1h53m | eta 19h14m
1700 train 2.877545 norm 0.1986 lr_muon 2.00e-02 lr_adam 1.20e-03 tok_s 131560 | 1701/19073 (8.9%) | elapsed 1h53m | eta 19h13m
1710 train 2.938104 norm 0.2445 lr_muon 2.00e-02 lr_adam 1.20e-03 tok_s 131763 | 1711/19073 (9.0%) | elapsed 1h54m | eta 19h12m
1720 train 3.093168 norm 0.4223 lr_muon 2.00e-02 lr_adam 1.20e-03 tok_s 131642 | 1721/19073 (9.0%) | elapsed 1h55m | eta 19h11m
1730 train 2.893124 norm 0.1838 lr_muon 2.00e-02 lr_adam 1.20e-03 tok_s 131605 | 1731/19073 (9.1%) | elapsed 1h55m | eta 19h10m
1740 train 2.888813 norm 0.1720 lr_muon 2.00e-02 lr_adam 1.20e-03 tok_s 131652 | 1741/19073 (9.1%) | elapsed 1h56m | eta 19h10m
1750 val 3.359817
step  1750 | val loss 3.3598
1750 train 2.868265 norm 0.2231 lr_muon 2.00e-02 lr_adam 1.20e-03 tok_s 84779 | 1751/19073 (9.2%) | elapsed 1h57m | eta 20h12m
1760 train 2.818784 norm 0.2746 lr_muon 2.00e-02 lr_adam 1.20e-03 tok_s 131660 | 1761/19073 (9.2%) | elapsed 1h57m | eta 19h30m
1770 train 2.974559 norm 0.5327 lr_muon 2.00e-02 lr_adam 1.20e-03 tok_s 131583 | 1771/19073 (9.3%) | elapsed 1h58m | eta 19h15m
1780 train 2.960839 norm 0.1693 lr_muon 2.00e-02 lr_adam 1.20e-03 tok_s 131585 | 1781/19073 (9.3%) | elapsed 1h59m | eta 19h10m
1790 train 2.916550 norm 0.1817 lr_muon 2.00e-02 lr_adam 1.20e-03 tok_s 131574 | 1791/19073 (9.4%) | elapsed 1h59m | eta 19h07m
1800 train 2.837508 norm 0.3146 lr_muon 2.00e-02 lr_adam 1.20e-03 tok_s 131581 | 1801/19073 (9.4%) | elapsed 2h00m | eta 19h06m
1810 train 2.832913 norm 0.2892 lr_muon 2.00e-02 lr_adam 1.20e-03 tok_s 131898 | 1811/19073 (9.5%) | elapsed 2h01m | eta 19h05m
1820 train 3.041950 norm 0.3398 lr_muon 2.00e-02 lr_adam 1.20e-03 tok_s 131646 | 1821/19073 (9.5%) | elapsed 2h01m | eta 19h04m
1830 train 3.007666 norm 0.2439 lr_muon 2.00e-02 lr_adam 1.20e-03 tok_s 131691 | 1831/19073 (9.6%) | elapsed 2h02m | eta 19h03m
1840 train 2.910544 norm 0.1944 lr_muon 2.00e-02 lr_adam 1.20e-03 tok_s 131858 | 1841/19073 (9.7%) | elapsed 2h03m | eta 19h02m
1850 train 2.911109 norm 0.2218 lr_muon 2.00e-02 lr_adam 1.20e-03 tok_s 131337 | 1851/19073 (9.7%) | elapsed 2h03m | eta 19h03m
1860 train 2.902952 norm 0.2063 lr_muon 2.00e-02 lr_adam 1.20e-03 tok_s 109855 | 1861/19073 (9.8%) | elapsed 2h04m | eta 19h25m
1870 train 3.000831 norm 0.3074 lr_muon 2.00e-02 lr_adam 1.20e-03 tok_s 131715 | 1871/19073 (9.8%) | elapsed 2h05m | eta 19h10m
1880 train 2.933690 norm 0.2309 lr_muon 2.00e-02 lr_adam 1.20e-03 tok_s 131765 | 1881/19073 (9.9%) | elapsed 2h05m | eta 19h03m
1890 train 2.915346 norm 0.2805 lr_muon 2.00e-02 lr_adam 1.20e-03 tok_s 131508 | 1891/19073 (9.9%) | elapsed 2h06m | eta 19h00m
1900 train 2.926223 norm 0.2016 lr_muon 2.00e-02 lr_adam 1.20e-03 tok_s 131519 | 1901/19073 (10.0%) | elapsed 2h07m | eta 18h59m
1910 train 2.875423 norm 0.1841 lr_muon 2.00e-02 lr_adam 1.20e-03 tok_s 131890 | 1911/19073 (10.0%) | elapsed 2h07m | eta 18h58m
1920 train 2.950954 norm 0.2099 lr_muon 2.00e-02 lr_adam 1.20e-03 tok_s 131544 | 1921/19073 (10.1%) | elapsed 2h08m | eta 18h57m
1930 train 3.052082 norm 0.2185 lr_muon 2.00e-02 lr_adam 1.20e-03 tok_s 131717 | 1931/19073 (10.1%) | elapsed 2h09m | eta 18h56m
1940 train 2.969594 norm 0.2718 lr_muon 2.00e-02 lr_adam 1.20e-03 tok_s 131430 | 1941/19073 (10.2%) | elapsed 2h09m | eta 18h56m
1950 train 2.905628 norm 0.2831 lr_muon 2.00e-02 lr_adam 1.20e-03 tok_s 131383 | 1951/19073 (10.2%) | elapsed 2h10m | eta 18h56m
1960 train 2.908611 norm 0.2150 lr_muon 2.00e-02 lr_adam 1.20e-03 tok_s 131411 | 1961/19073 (10.3%) | elapsed 2h11m | eta 18h57m
1970 train 2.953860 norm 0.2108 lr_muon 2.00e-02 lr_adam 1.20e-03 tok_s 131478 | 1971/19073 (10.3%) | elapsed 2h11m | eta 18h56m
1980 train 2.887686 norm 0.4453 lr_muon 2.00e-02 lr_adam 1.20e-03 tok_s 131459 | 1981/19073 (10.4%) | elapsed 2h12m | eta 18h56m
1990 train 2.951160 norm 0.1883 lr_muon 2.00e-02 lr_adam 1.20e-03 tok_s 131490 | 1991/19073 (10.4%) | elapsed 2h13m | eta 18h54m
2000 val 3.324520
step  2000 | val loss 3.3245
2000 train 2.885578 norm 0.2733 lr_muon 2.00e-02 lr_adam 1.20e-03 tok_s 84289 | 2001/19073 (10.5%) | elapsed 2h13m | eta 19h57m
saved checkpoint -> /workspace/runs/modern_1024x24/checkpoints/ckpt_002000.pt
2010 train 2.817382 norm 0.3495 lr_muon 2.00e-02 lr_adam 1.20e-03 tok_s 131838 | 2011/19073 (10.5%) | elapsed 2h14m | eta 19h12m
2020 train 3.009431 norm 0.2063 lr_muon 2.00e-02 lr_adam 1.20e-03 tok_s 131792 | 2021/19073 (10.6%) | elapsed 2h15m | eta 18h58m
2030 train 2.815336 norm 0.2404 lr_muon 2.00e-02 lr_adam 1.20e-03 tok_s 131661 | 2031/19073 (10.6%) | elapsed 2h16m | eta 18h52m
2040 train 2.770015 norm 0.1794 lr_muon 2.00e-02 lr_adam 1.20e-03 tok_s 131849 | 2041/19073 (10.7%) | elapsed 2h16m | eta 18h50m
2050 train 2.961643 norm 0.3337 lr_muon 2.00e-02 lr_adam 1.20e-03 tok_s 132121 | 2051/19073 (10.8%) | elapsed 2h17m | eta 18h48m
2060 train 2.896651 norm 0.2368 lr_muon 2.00e-02 lr_adam 1.20e-03 tok_s 131785 | 2061/19073 (10.8%) | elapsed 2h18m | eta 18h47m
2070 train 3.091085 norm 0.1842 lr_muon 2.00e-02 lr_adam 1.20e-03 tok_s 131857 | 2071/19073 (10.9%) | elapsed 2h18m | eta 18h46m
2080 train 2.952938 norm 0.3165 lr_muon 2.00e-02 lr_adam 1.20e-03 tok_s 131553 | 2081/19073 (10.9%) | elapsed 2h19m | eta 18h46m
2090 train 2.787200 norm 0.2263 lr_muon 2.00e-02 lr_adam 1.20e-03 tok_s 131826 | 2091/19073 (11.0%) | elapsed 2h20m | eta 18h46m
2100 train 2.931700 norm 0.2158 lr_muon 2.00e-02 lr_adam 1.20e-03 tok_s 131497 | 2101/19073 (11.0%) | elapsed 2h20m | eta 18h54m
2110 train 2.967239 norm 0.2728 lr_muon 2.00e-02 lr_adam 1.20e-03 tok_s 131520 | 2111/19073 (11.1%) | elapsed 2h21m | eta 18h49m
2120 train 3.092839 norm 0.1907 lr_muon 2.00e-02 lr_adam 1.20e-03 tok_s 131372 | 2121/19073 (11.1%) | elapsed 2h22m | eta 19h03m
2130 train 2.876340 norm 0.2147 lr_muon 2.00e-02 lr_adam 1.20e-03 tok_s 131815 | 2131/19073 (11.2%) | elapsed 2h22m | eta 18h51m
2140 train 2.884855 norm 0.2914 lr_muon 2.00e-02 lr_adam 1.20e-03 tok_s 131551 | 2141/19073 (11.2%) | elapsed 2h23m | eta 18h46m
2150 train 2.823072 norm 0.2907 lr_muon 2.00e-02 lr_adam 1.20e-03 tok_s 131368 | 2151/19073 (11.3%) | elapsed 2h24m | eta 18h45m
2160 train 2.903028 norm 0.1967 lr_muon 2.00e-02 lr_adam 1.20e-03 tok_s 131570 | 2161/19073 (11.3%) | elapsed 2h24m | eta 18h44m
2170 train 3.043406 norm 0.2405 lr_muon 2.00e-02 lr_adam 1.20e-03 tok_s 131599 | 2171/19073 (11.4%) | elapsed 2h25m | eta 18h43m
2180 train 2.874170 norm 0.1958 lr_muon 2.00e-02 lr_adam 1.20e-03 tok_s 131633 | 2181/19073 (11.4%) | elapsed 2h26m | eta 18h41m
2190 train 2.886267 norm 0.3620 lr_muon 2.00e-02 lr_adam 1.20e-03 tok_s 131459 | 2191/19073 (11.5%) | elapsed 2h26m | eta 18h41m
2200 train 2.752954 norm 0.2242 lr_muon 2.00e-02 lr_adam 1.20e-03 tok_s 131547 | 2201/19073 (11.5%) | elapsed 2h27m | eta 18h40m
2210 train 2.726203 norm 0.2953 lr_muon 2.00e-02 lr_adam 1.20e-03 tok_s 131526 | 2211/19073 (11.6%) | elapsed 2h28m | eta 18h39m
2220 train 3.075391 norm 0.2981 lr_muon 2.00e-02 lr_adam 1.20e-03 tok_s 131588 | 2221/19073 (11.6%) | elapsed 2h28m | eta 18h39m
2230 train 3.075322 norm 0.3450 lr_muon 2.00e-02 lr_adam 1.20e-03 tok_s 131529 | 2231/19073 (11.7%) | elapsed 2h29m | eta 18h38m
2240 train 2.866485 norm 0.1731 lr_muon 2.00e-02 lr_adam 1.20e-03 tok_s 131711 | 2241/19073 (11.7%) | elapsed 2h30m | eta 18h37m
2250 val 3.302341
step  2250 | val loss 3.3023
2250 train 2.915355 norm 0.2534 lr_muon 2.00e-02 lr_adam 1.20e-03 tok_s 83039 | 2251/19073 (11.8%) | elapsed 2h30m | eta 19h41m
2260 train 2.728045 norm 0.2018 lr_muon 2.00e-02 lr_adam 1.20e-03 tok_s 131609 | 2261/19073 (11.9%) | elapsed 2h31m | eta 18h58m
2270 train 3.040991 norm 0.2352 lr_muon 2.00e-02 lr_adam 1.20e-03 tok_s 131237 | 2271/19073 (11.9%) | elapsed 2h32m | eta 18h44m
2280 train 2.895993 norm 0.2970 lr_muon 2.00e-02 lr_adam 1.20e-03 tok_s 131552 | 2281/19073 (12.0%) | elapsed 2h32m | eta 18h37m
2290 train 2.911981 norm 0.2368 lr_muon 2.00e-02 lr_adam 1.20e-03 tok_s 131877 | 2291/19073 (12.0%) | elapsed 2h33m | eta 18h34m
2300 train 2.909363 norm 0.3735 lr_muon 2.00e-02 lr_adam 1.20e-03 tok_s 131772 | 2301/19073 (12.1%) | elapsed 2h34m | eta 18h32m
2310 train 2.921869 norm 0.1767 lr_muon 2.00e-02 lr_adam 1.20e-03 tok_s 131903 | 2311/19073 (12.1%) | elapsed 2h34m | eta 18h31m
2320 train 2.973204 norm 0.3260 lr_muon 2.00e-02 lr_adam 1.20e-03 tok_s 131863 | 2321/19073 (12.2%) | elapsed 2h35m | eta 18h30m
2330 train 2.898497 norm 0.2346 lr_muon 2.00e-02 lr_adam 1.20e-03 tok_s 131807 | 2331/19073 (12.2%) | elapsed 2h36m | eta 18h41m
2340 train 2.864002 norm 0.1937 lr_muon 2.00e-02 lr_adam 1.20e-03 tok_s 131821 | 2341/19073 (12.3%) | elapsed 2h36m | eta 18h33m
2350 train 2.940346 norm 0.2902 lr_muon 2.00e-02 lr_adam 1.20e-03 tok_s 131851 | 2351/19073 (12.3%) | elapsed 2h37m | eta 18h30m
2360 train 2.789233 norm 0.1832 lr_muon 2.00e-02 lr_adam 1.20e-03 tok_s 132048 | 2361/19073 (12.4%) | elapsed 2h38m | eta 18h28m
2370 train 2.910270 norm 0.3244 lr_muon 2.00e-02 lr_adam 1.20e-03 tok_s 131658 | 2371/19073 (12.4%) | elapsed 2h38m | eta 18h27m
2380 train 2.715238 norm 0.3452 lr_muon 2.00e-02 lr_adam 1.20e-03 tok_s 131664 | 2381/19073 (12.5%) | elapsed 2h39m | eta 18h27m
2390 train 2.830236 norm 0.2014 lr_muon 2.00e-02 lr_adam 1.20e-03 tok_s 132069 | 2391/19073 (12.5%) | elapsed 2h40m | eta 18h25m
2400 train 2.899325 norm 0.1884 lr_muon 2.00e-02 lr_adam 1.20e-03 tok_s 131850 | 2401/19073 (12.6%) | elapsed 2h40m | eta 18h25m
2410 train 2.914686 norm 0.2033 lr_muon 2.00e-02 lr_adam 1.20e-03 tok_s 131952 | 2411/19073 (12.6%) | elapsed 2h41m | eta 18h24m
2420 train 3.027227 norm 0.3027 lr_muon 2.00e-02 lr_adam 1.20e-03 tok_s 131822 | 2421/19073 (12.7%) | elapsed 2h42m | eta 18h24m
2430 train 2.802465 norm 0.2145 lr_muon 2.00e-02 lr_adam 1.20e-03 tok_s 131675 | 2431/19073 (12.7%) | elapsed 2h42m | eta 18h23m
2440 train 2.924155 norm 0.2035 lr_muon 2.00e-02 lr_adam 1.20e-03 tok_s 131541 | 2441/19073 (12.8%) | elapsed 2h43m | eta 18h23m
2450 train 2.877805 norm 0.3021 lr_muon 2.00e-02 lr_adam 1.20e-03 tok_s 131619 | 2451/19073 (12.9%) | elapsed 2h43m | eta 18h22m
2460 train 2.883343 norm 0.1821 lr_muon 2.00e-02 lr_adam 1.20e-03 tok_s 131718 | 2461/19073 (12.9%) | elapsed 2h44m | eta 18h22m
2470 train 2.968266 norm 0.3156 lr_muon 2.00e-02 lr_adam 1.20e-03 tok_s 131603 | 2471/19073 (13.0%) | elapsed 2h45m | eta 18h22m
2480 train 2.842492 norm 0.1914 lr_muon 2.00e-02 lr_adam 1.20e-03 tok_s 131304 | 2481/19073 (13.0%) | elapsed 2h45m | eta 18h21m
2490 train 2.772482 norm 0.2171 lr_muon 2.00e-02 lr_adam 1.20e-03 tok_s 131544 | 2491/19073 (13.1%) | elapsed 2h46m | eta 18h21m
2500 val 3.279345
step  2500 | val loss 3.2793
2500 train 2.861207 norm 0.2039 lr_muon 2.00e-02 lr_adam 1.20e-03 tok_s 84029 | 2501/19073 (13.1%) | elapsed 2h47m | eta 19h23m
2510 train 2.837121 norm 0.2052 lr_muon 2.00e-02 lr_adam 1.20e-03 tok_s 131548 | 2511/19073 (13.2%) | elapsed 2h48m | eta 18h42m
2520 train 3.048453 norm 0.2482 lr_muon 2.00e-02 lr_adam 1.20e-03 tok_s 131501 | 2521/19073 (13.2%) | elapsed 2h48m | eta 18h27m
2530 train 2.894158 norm 0.2612 lr_muon 2.00e-02 lr_adam 1.20e-03 tok_s 131541 | 2531/19073 (13.3%) | elapsed 2h49m | eta 18h21m
2540 train 2.706095 norm 0.3737 lr_muon 2.00e-02 lr_adam 1.20e-03 tok_s 131518 | 2541/19073 (13.3%) | elapsed 2h50m | eta 18h19m
2550 train 2.835542 norm 0.2597 lr_muon 2.00e-02 lr_adam 1.20e-03 tok_s 131438 | 2551/19073 (13.4%) | elapsed 2h50m | eta 18h17m
2560 train 2.945171 norm 0.2260 lr_muon 2.00e-02 lr_adam 1.20e-03 tok_s 131666 | 2561/19073 (13.4%) | elapsed 2h51m | eta 18h34m
2570 train 3.036915 norm 0.2104 lr_muon 2.00e-02 lr_adam 1.20e-03 tok_s 131568 | 2571/19073 (13.5%) | elapsed 2h52m | eta 18h22m
2580 train 2.922698 norm 0.2245 lr_muon 2.00e-02 lr_adam 1.20e-03 tok_s 131620 | 2581/19073 (13.5%) | elapsed 2h52m | eta 18h16m
2590 train 3.008701 norm 0.2469 lr_muon 2.00e-02 lr_adam 1.20e-03 tok_s 131597 | 2591/19073 (13.6%) | elapsed 2h53m | eta 18h15m
2600 train 2.777566 norm 0.5924 lr_muon 2.00e-02 lr_adam 1.20e-03 tok_s 131328 | 2601/19073 (13.6%) | elapsed 2h54m | eta 18h14m
2610 train 2.927706 norm 0.3058 lr_muon 2.00e-02 lr_adam 1.20e-03 tok_s 132079 | 2611/19073 (13.7%) | elapsed 2h54m | eta 18h12m
2620 train 3.068896 norm 0.2859 lr_muon 2.00e-02 lr_adam 1.20e-03 tok_s 131822 | 2621/19073 (13.7%) | elapsed 2h55m | eta 18h11m
2630 train 2.896909 norm 0.2305 lr_muon 2.00e-02 lr_adam 1.20e-03 tok_s 131733 | 2631/19073 (13.8%) | elapsed 2h56m | eta 18h11m
2640 train 2.797637 norm 0.2211 lr_muon 2.00e-02 lr_adam 1.20e-03 tok_s 131568 | 2641/19073 (13.8%) | elapsed 2h56m | eta 18h10m
2650 train 2.767464 norm 0.2315 lr_muon 2.00e-02 lr_adam 1.20e-03 tok_s 131455 | 2651/19073 (13.9%) | elapsed 2h57m | eta 18h10m
2660 train 2.791305 norm 0.4181 lr_muon 2.00e-02 lr_adam 1.20e-03 tok_s 131627 | 2661/19073 (14.0%) | elapsed 2h58m | eta 18h10m
2670 train 3.028881 norm 0.3663 lr_muon 2.00e-02 lr_adam 1.20e-03 tok_s 131517 | 2671/19073 (14.0%) | elapsed 2h58m | eta 18h09m
2680 train 2.880674 norm 0.2209 lr_muon 2.00e-02 lr_adam 1.20e-03 tok_s 131403 | 2681/19073 (14.1%) | elapsed 2h59m | eta 18h09m
2690 train 2.851296 norm 0.2079 lr_muon 2.00e-02 lr_adam 1.20e-03 tok_s 131613 | 2691/19073 (14.1%) | elapsed 2h59m | eta 18h08m
2700 train 2.872760 norm 0.2140 lr_muon 2.00e-02 lr_adam 1.20e-03 tok_s 131217 | 2701/19073 (14.2%) | elapsed 3h00m | eta 18h08m
2710 train 2.749633 norm 0.3574 lr_muon 2.00e-02 lr_adam 1.20e-03 tok_s 131354 | 2711/19073 (14.2%) | elapsed 3h01m | eta 18h07m
2720 train 2.858219 norm 0.3175 lr_muon 2.00e-02 lr_adam 1.20e-03 tok_s 131738 | 2721/19073 (14.3%) | elapsed 3h01m | eta 18h06m
2730 train 2.915033 norm 0.2091 lr_muon 2.00e-02 lr_adam 1.20e-03 tok_s 131638 | 2731/19073 (14.3%) | elapsed 3h02m | eta 18h05m
2740 train 2.914651 norm 0.2154 lr_muon 2.00e-02 lr_adam 1.20e-03 tok_s 131501 | 2741/19073 (14.4%) | elapsed 3h03m | eta 18h04m
2750 val 3.259623
step  2750 | val loss 3.2596
2750 train 2.822059 norm 0.2970 lr_muon 2.00e-02 lr_adam 1.20e-03 tok_s 83750 | 2751/19073 (14.4%) | elapsed 3h04m | eta 19h06m
2760 train 2.844038 norm 0.1648 lr_muon 2.00e-02 lr_adam 1.20e-03 tok_s 131527 | 2761/19073 (14.5%) | elapsed 3h04m | eta 18h25m
2770 train 3.084390 norm 0.3322 lr_muon 2.00e-02 lr_adam 1.20e-03 tok_s 131574 | 2771/19073 (14.5%) | elapsed 3h05m | eta 18h10m
2780 train 2.742719 norm 0.2574 lr_muon 2.00e-02 lr_adam 1.20e-03 tok_s 131425 | 2781/19073 (14.6%) | elapsed 3h06m | eta 18h04m
2790 train 2.948501 norm 0.2684 lr_muon 2.00e-02 lr_adam 1.20e-03 tok_s 107324 | 2791/19073 (14.6%) | elapsed 3h06m | eta 18h26m
2800 train 2.909567 norm 0.2082 lr_muon 2.00e-02 lr_adam 1.20e-03 tok_s 131618 | 2801/19073 (14.7%) | elapsed 3h07m | eta 18h09m
2810 train 2.812480 norm 0.1974 lr_muon 2.00e-02 lr_adam 1.20e-03 tok_s 131484 | 2811/19073 (14.7%) | elapsed 3h08m | eta 18h03m
2820 train 3.010027 norm 0.2708 lr_muon 2.00e-02 lr_adam 1.20e-03 tok_s 131478 | 2821/19073 (14.8%) | elapsed 3h08m | eta 18h00m
2830 train 2.747336 norm 0.2303 lr_muon 2.00e-02 lr_adam 1.20e-03 tok_s 131671 | 2831/19073 (14.8%) | elapsed 3h09m | eta 17h59m
2840 train 2.876599 norm 0.2252 lr_muon 2.00e-02 lr_adam 1.20e-03 tok_s 131513 | 2841/19073 (14.9%) | elapsed 3h10m | eta 17h58m
2850 train 2.812150 norm 0.1851 lr_muon 2.00e-02 lr_adam 1.20e-03 tok_s 131409 | 2851/19073 (14.9%) | elapsed 3h10m | eta 17h58m
2860 train 2.884796 norm 0.1916 lr_muon 2.00e-02 lr_adam 1.20e-03 tok_s 131292 | 2861/19073 (15.0%) | elapsed 3h11m | eta 17h57m
2870 train 2.937384 norm 0.2273 lr_muon 2.00e-02 lr_adam 1.20e-03 tok_s 131393 | 2871/19073 (15.1%) | elapsed 3h12m | eta 17h57m
2880 train 2.661185 norm 0.1872 lr_muon 2.00e-02 lr_adam 1.20e-03 tok_s 130826 | 2881/19073 (15.1%) | elapsed 3h12m | eta 17h57m
2890 train 2.813492 norm 0.7502 lr_muon 2.00e-02 lr_adam 1.20e-03 tok_s 131497 | 2891/19073 (15.2%) | elapsed 3h13m | eta 17h56m
2900 train 2.841674 norm 0.2537 lr_muon 2.00e-02 lr_adam 1.20e-03 tok_s 131286 | 2901/19073 (15.2%) | elapsed 3h14m | eta 17h55m
2910 train 2.952355 norm 0.2155 lr_muon 2.00e-02 lr_adam 1.20e-03 tok_s 131353 | 2911/19073 (15.3%) | elapsed 3h14m | eta 17h54m
2920 train 2.971965 norm 0.3016 lr_muon 2.00e-02 lr_adam 1.20e-03 tok_s 131494 | 2921/19073 (15.3%) | elapsed 3h15m | eta 17h53m
2930 train 2.880467 norm 0.2337 lr_muon 2.00e-02 lr_adam 1.20e-03 tok_s 131518 | 2931/19073 (15.4%) | elapsed 3h16m | eta 17h53m
2940 train 2.699646 norm 0.3218 lr_muon 2.00e-02 lr_adam 1.20e-03 tok_s 131426 | 2941/19073 (15.4%) | elapsed 3h16m | eta 17h52m
2950 train 2.846516 norm 0.4246 lr_muon 2.00e-02 lr_adam 1.20e-03 tok_s 131390 | 2951/19073 (15.5%) | elapsed 3h17m | eta 17h51m
2960 train 2.886987 norm 0.1739 lr_muon 2.00e-02 lr_adam 1.20e-03 tok_s 131512 | 2961/19073 (15.5%) | elapsed 3h18m | eta 17h51m
2970 train 3.014474 norm 0.2232 lr_muon 2.00e-02 lr_adam 1.20e-03 tok_s 131479 | 2971/19073 (15.6%) | elapsed 3h18m | eta 17h50m
2980 train 2.825200 norm 0.1902 lr_muon 2.00e-02 lr_adam 1.20e-03 tok_s 131222 | 2981/19073 (15.6%) | elapsed 3h19m | eta 17h51m
2990 train 2.792660 norm 0.2278 lr_muon 2.00e-02 lr_adam 1.20e-03 tok_s 131534 | 2991/19073 (15.7%) | elapsed 3h19m | eta 17h49m
3000 val 3.263348
step  3000 | val loss 3.2633
3000 train 2.673969 norm 0.3416 lr_muon 2.00e-02 lr_adam 1.20e-03 tok_s 85548 | 3001/19073 (15.7%) | elapsed 3h20m | eta 18h46m
saved checkpoint -> /workspace/runs/modern_1024x24/checkpoints/ckpt_003000.pt
3010 train 2.867075 norm 0.1918 lr_muon 2.00e-02 lr_adam 1.20e-03 tok_s 131577 | 3011/19073 (15.8%) | elapsed 3h21m | eta 18h07m
3020 train 2.993310 norm 0.2210 lr_muon 2.00e-02 lr_adam 1.20e-03 tok_s 131371 | 3021/19073 (15.8%) | elapsed 3h22m | eta 17h54m
3030 train 2.915326 norm 0.2668 lr_muon 2.00e-02 lr_adam 1.20e-03 tok_s 131291 | 3031/19073 (15.9%) | elapsed 3h22m | eta 18h01m
3040 train 2.819920 norm 0.3474 lr_muon 2.00e-02 lr_adam 1.20e-03 tok_s 131347 | 3041/19073 (15.9%) | elapsed 3h23m | eta 17h51m
3050 train 2.750315 norm 0.3358 lr_muon 2.00e-02 lr_adam 1.20e-03 tok_s 131473 | 3051/19073 (16.0%) | elapsed 3h24m | eta 17h47m
3060 train 2.722588 norm 0.3713 lr_muon 2.00e-02 lr_adam 1.20e-03 tok_s 131177 | 3061/19073 (16.0%) | elapsed 3h24m | eta 17h45m
3070 train 2.964477 norm 0.2352 lr_muon 2.00e-02 lr_adam 1.20e-03 tok_s 131211 | 3071/19073 (16.1%) | elapsed 3h25m | eta 17h44m
3080 train 2.786833 norm 0.1985 lr_muon 2.00e-02 lr_adam 1.20e-03 tok_s 131384 | 3081/19073 (16.2%) | elapsed 3h26m | eta 17h43m
3090 train 2.793775 norm 0.1772 lr_muon 2.00e-02 lr_adam 1.20e-03 tok_s 131037 | 3091/19073 (16.2%) | elapsed 3h26m | eta 17h43m
3100 train 2.842684 norm 0.2115 lr_muon 2.00e-02 lr_adam 1.20e-03 tok_s 131279 | 3101/19073 (16.3%) | elapsed 3h27m | eta 17h42m
3110 train 2.663011 norm 0.3720 lr_muon 2.00e-02 lr_adam 1.20e-03 tok_s 131419 | 3111/19073 (16.3%) | elapsed 3h28m | eta 17h42m
3120 train 2.999022 norm 0.4800 lr_muon 2.00e-02 lr_adam 1.20e-03 tok_s 131246 | 3121/19073 (16.4%) | elapsed 3h28m | eta 17h41m
3130 train 2.845250 norm 0.1948 lr_muon 2.00e-02 lr_adam 1.20e-03 tok_s 131578 | 3131/19073 (16.4%) | elapsed 3h29m | eta 17h40m
3140 train 2.832344 norm 0.2932 lr_muon 2.00e-02 lr_adam 1.20e-03 tok_s 131562 | 3141/19073 (16.5%) | elapsed 3h30m | eta 17h39m
3150 train 2.813864 norm 0.1823 lr_muon 2.00e-02 lr_adam 1.20e-03 tok_s 131454 | 3151/19073 (16.5%) | elapsed 3h30m | eta 17h38m
3160 train 2.797003 norm 0.3128 lr_muon 2.00e-02 lr_adam 1.20e-03 tok_s 131356 | 3161/19073 (16.6%) | elapsed 3h31m | eta 17h37m
3170 train 2.758748 norm 0.5378 lr_muon 2.00e-02 lr_adam 1.20e-03 tok_s 131966 | 3171/19073 (16.6%) | elapsed 3h32m | eta 17h35m
3180 train 2.850438 norm 0.2396 lr_muon 2.00e-02 lr_adam 1.20e-03 tok_s 132022 | 3181/19073 (16.7%) | elapsed 3h32m | eta 17h46m
3190 train 2.902271 norm 0.2424 lr_muon 2.00e-02 lr_adam 1.20e-03 tok_s 131781 | 3191/19073 (16.7%) | elapsed 3h33m | eta 17h37m
3200 train 2.878250 norm 0.2020 lr_muon 2.00e-02 lr_adam 1.20e-03 tok_s 131807 | 3201/19073 (16.8%) | elapsed 3h34m | eta 17h34m
3210 train 2.795990 norm 0.2246 lr_muon 2.00e-02 lr_adam 1.20e-03 tok_s 131702 | 3211/19073 (16.8%) | elapsed 3h34m | eta 17h32m
3220 train 2.720155 norm 0.3426 lr_muon 2.00e-02 lr_adam 1.20e-03 tok_s 131713 | 3221/19073 (16.9%) | elapsed 3h35m | eta 17h31m
3230 train 2.697639 norm 0.3500 lr_muon 2.00e-02 lr_adam 1.20e-03 tok_s 131659 | 3231/19073 (16.9%) | elapsed 3h36m | eta 17h30m
3240 train 2.847574 norm 0.2444 lr_muon 2.00e-02 lr_adam 1.20e-03 tok_s 131715 | 3241/19073 (17.0%) | elapsed 3h36m | eta 17h29m
3250 val 3.237606
step  3250 | val loss 3.2376
3250 train 2.838112 norm 0.1758 lr_muon 2.00e-02 lr_adam 1.20e-03 tok_s 83851 | 3251/19073 (17.0%) | elapsed 3h37m | eta 18h29m
3260 train 2.793049 norm 0.1986 lr_muon 2.00e-02 lr_adam 1.20e-03 tok_s 131556 | 3261/19073 (17.1%) | elapsed 3h38m | eta 17h59m
3270 train 2.948159 norm 0.2207 lr_muon 2.00e-02 lr_adam 1.20e-03 tok_s 131572 | 3271/19073 (17.1%) | elapsed 3h38m | eta 17h39m
3280 train 2.779656 norm 0.3886 lr_muon 2.00e-02 lr_adam 1.20e-03 tok_s 131637 | 3281/19073 (17.2%) | elapsed 3h39m | eta 17h31m
3290 train 2.534797 norm 0.2122 lr_muon 2.00e-02 lr_adam 1.20e-03 tok_s 131682 | 3291/19073 (17.3%) | elapsed 3h40m | eta 17h28m
3300 train 2.944621 norm 0.4281 lr_muon 2.00e-02 lr_adam 1.20e-03 tok_s 131542 | 3301/19073 (17.3%) | elapsed 3h40m | eta 17h27m
3310 train 2.828262 norm 0.2141 lr_muon 2.00e-02 lr_adam 1.20e-03 tok_s 130716 | 3311/19073 (17.4%) | elapsed 3h41m | eta 17h31m
3320 train 2.957060 norm 0.2027 lr_muon 2.00e-02 lr_adam 1.20e-03 tok_s 131661 | 3321/19073 (17.4%) | elapsed 3h42m | eta 17h28m
3330 train 2.804136 norm 0.3368 lr_muon 2.00e-02 lr_adam 1.20e-03 tok_s 131703 | 3331/19073 (17.5%) | elapsed 3h42m | eta 17h26m
3340 train 2.683493 norm 0.2543 lr_muon 2.00e-02 lr_adam 1.20e-03 tok_s 131428 | 3341/19073 (17.5%) | elapsed 3h43m | eta 17h25m
3350 train 2.694631 norm 0.3825 lr_muon 2.00e-02 lr_adam 1.20e-03 tok_s 131434 | 3351/19073 (17.6%) | elapsed 3h44m | eta 17h24m
3360 train 2.900221 norm 0.2014 lr_muon 2.00e-02 lr_adam 1.20e-03 tok_s 131690 | 3361/19073 (17.6%) | elapsed 3h44m | eta 17h23m
3370 train 3.007794 norm 0.2381 lr_muon 2.00e-02 lr_adam 1.20e-03 tok_s 131468 | 3371/19073 (17.7%) | elapsed 3h45m | eta 17h22m
3380 train 2.914473 norm 0.2801 lr_muon 2.00e-02 lr_adam 1.20e-03 tok_s 131379 | 3381/19073 (17.7%) | elapsed 3h46m | eta 17h22m
3390 train 2.832658 norm 0.1722 lr_muon 2.00e-02 lr_adam 1.20e-03 tok_s 131481 | 3391/19073 (17.8%) | elapsed 3h46m | eta 17h21m
3400 train 2.622995 norm 0.3980 lr_muon 2.00e-02 lr_adam 1.20e-03 tok_s 131679 | 3401/19073 (17.8%) | elapsed 3h47m | eta 17h20m
3410 train 2.844393 norm 0.2254 lr_muon 2.00e-02 lr_adam 1.20e-03 tok_s 131607 | 3411/19073 (17.9%) | elapsed 3h48m | eta 17h20m
3420 train 2.879293 norm 0.2499 lr_muon 2.00e-02 lr_adam 1.20e-03 tok_s 131630 | 3421/19073 (17.9%) | elapsed 3h48m | eta 17h18m
3430 train 2.793857 norm 0.2091 lr_muon 2.00e-02 lr_adam 1.20e-03 tok_s 131707 | 3431/19073 (18.0%) | elapsed 3h49m | eta 17h17m
3440 train 2.823793 norm 0.1933 lr_muon 2.00e-02 lr_adam 1.20e-03 tok_s 131670 | 3441/19073 (18.0%) | elapsed 3h50m | eta 17h17m
3450 train 2.833261 norm 0.2453 lr_muon 2.00e-02 lr_adam 1.20e-03 tok_s 131747 | 3451/19073 (18.1%) | elapsed 3h50m | eta 17h16m
3460 train 2.741951 norm 0.2267 lr_muon 2.00e-02 lr_adam 1.20e-03 tok_s 131828 | 3461/19073 (18.1%) | elapsed 3h51m | eta 17h15m
3470 train 2.973654 norm 0.2690 lr_muon 2.00e-02 lr_adam 1.20e-03 tok_s 131764 | 3471/19073 (18.2%) | elapsed 3h52m | eta 17h14m
3480 train 2.849846 norm 0.2283 lr_muon 2.00e-02 lr_adam 1.20e-03 tok_s 131760 | 3481/19073 (18.3%) | elapsed 3h52m | eta 17h13m
3490 train 2.870363 norm 0.1893 lr_muon 2.00e-02 lr_adam 1.20e-03 tok_s 131801 | 3491/19073 (18.3%) | elapsed 3h53m | eta 17h31m
3500 val 3.230514
step  3500 | val loss 3.2305
3500 train 2.850489 norm 0.3172 lr_muon 2.00e-02 lr_adam 1.20e-03 tok_s 85577 | 3501/19073 (18.4%) | elapsed 3h54m | eta 18h15m
3510 train 2.783050 norm 0.2437 lr_muon 2.00e-02 lr_adam 1.20e-03 tok_s 131360 | 3511/19073 (18.4%) | elapsed 3h54m | eta 17h34m
3520 train 2.823317 norm 0.2616 lr_muon 2.00e-02 lr_adam 1.20e-03 tok_s 131477 | 3521/19073 (18.5%) | elapsed 3h55m | eta 17h20m
3530 train 2.846141 norm 0.2357 lr_muon 2.00e-02 lr_adam 1.20e-03 tok_s 131704 | 3531/19073 (18.5%) | elapsed 3h56m | eta 17h14m
3540 train 2.875746 norm 0.3084 lr_muon 2.00e-02 lr_adam 1.20e-03 tok_s 131489 | 3541/19073 (18.6%) | elapsed 3h56m | eta 17h12m
3550 train 2.854781 norm 0.2547 lr_muon 2.00e-02 lr_adam 1.20e-03 tok_s 131423 | 3551/19073 (18.6%) | elapsed 3h57m | eta 17h11m
3560 train 2.814242 norm 0.2157 lr_muon 2.00e-02 lr_adam 1.20e-03 tok_s 131569 | 3561/19073 (18.7%) | elapsed 3h58m | eta 17h10m
3570 train 2.847896 norm 0.2897 lr_muon 2.00e-02 lr_adam 1.20e-03 tok_s 131776 | 3571/19073 (18.7%) | elapsed 3h58m | eta 17h09m
3580 train 2.593240 norm 0.2788 lr_muon 2.00e-02 lr_adam 1.20e-03 tok_s 131496 | 3581/19073 (18.8%) | elapsed 3h59m | eta 17h09m
3590 train 2.959931 norm 0.2537 lr_muon 2.00e-02 lr_adam 1.20e-03 tok_s 131833 | 3591/19073 (18.8%) | elapsed 4h00m | eta 17h07m
3600 train 2.820800 norm 0.2372 lr_muon 2.00e-02 lr_adam 1.20e-03 tok_s 131734 | 3601/19073 (18.9%) | elapsed 4h00m | eta 17h06m
3610 train 2.882573 norm 0.2631 lr_muon 2.00e-02 lr_adam 1.20e-03 tok_s 132271 | 3611/19073 (18.9%) | elapsed 4h01m | eta 17h04m
3620 train 2.941641 norm 0.2305 lr_muon 2.00e-02 lr_adam 1.20e-03 tok_s 131891 | 3621/19073 (19.0%) | elapsed 4h02m | eta 17h04m
3630 train 2.721907 norm 0.2184 lr_muon 2.00e-02 lr_adam 1.20e-03 tok_s 131747 | 3631/19073 (19.0%) | elapsed 4h02m | eta 17h03m
3640 train 2.691858 norm 0.2636 lr_muon 2.00e-02 lr_adam 1.20e-03 tok_s 131710 | 3641/19073 (19.1%) | elapsed 4h03m | eta 17h03m
3650 train 2.860565 norm 0.2089 lr_muon 2.00e-02 lr_adam 1.20e-03 tok_s 131647 | 3651/19073 (19.1%) | elapsed 4h04m | eta 17h02m
3660 train 2.795523 norm 0.2728 lr_muon 2.00e-02 lr_adam 1.20e-03 tok_s 131858 | 3661/19073 (19.2%) | elapsed 4h04m | eta 17h01m
3670 train 2.945080 norm 0.2680 lr_muon 2.00e-02 lr_adam 1.20e-03 tok_s 131876 | 3671/19073 (19.2%) | elapsed 4h05m | eta 17h00m
3680 train 2.807017 norm 0.2273 lr_muon 2.00e-02 lr_adam 1.20e-03 tok_s 131869 | 3681/19073 (19.3%) | elapsed 4h06m | eta 17h00m
3690 train 2.643435 norm 0.2012 lr_muon 2.00e-02 lr_adam 1.20e-03 tok_s 131518 | 3691/19073 (19.4%) | elapsed 4h06m | eta 16h59m
3700 train 2.880297 norm 0.2133 lr_muon 2.00e-02 lr_adam 1.20e-03 tok_s 131729 | 3701/19073 (19.4%) | elapsed 4h07m | eta 16h59m
3710 train 2.859665 norm 0.2348 lr_muon 2.00e-02 lr_adam 1.20e-03 tok_s 131769 | 3711/19073 (19.5%) | elapsed 4h08m | eta 16h58m
3720 train 3.051140 norm 0.1997 lr_muon 2.00e-02 lr_adam 1.20e-03 tok_s 109954 | 3721/19073 (19.5%) | elapsed 4h08m | eta 17h17m
3730 train 2.761569 norm 0.3062 lr_muon 2.00e-02 lr_adam 1.20e-03 tok_s 132201 | 3731/19073 (19.6%) | elapsed 4h09m | eta 17h03m
3740 train 2.751382 norm 0.2049 lr_muon 2.00e-02 lr_adam 1.20e-03 tok_s 131939 | 3741/19073 (19.6%) | elapsed 4h10m | eta 16h58m
3750 val 3.231035
step  3750 | val loss 3.2310
3750 train 2.714401 norm 0.4275 lr_muon 2.00e-02 lr_adam 1.20e-03 tok_s 83158 | 3751/19073 (19.7%) | elapsed 4h10m | eta 17h56m
3760 train 2.787538 norm 0.2118 lr_muon 2.00e-02 lr_adam 1.20e-03 tok_s 131644 | 3761/19073 (19.7%) | elapsed 4h11m | eta 17h16m
3770 train 2.980877 norm 0.2595 lr_muon 2.00e-02 lr_adam 1.20e-03 tok_s 131531 | 3771/19073 (19.8%) | elapsed 4h12m | eta 17h02m
3780 train 2.905212 norm 0.2291 lr_muon 2.00e-02 lr_adam 1.20e-03 tok_s 131778 | 3781/19073 (19.8%) | elapsed 4h12m | eta 16h57m
3790 train 2.846978 norm 0.1938 lr_muon 2.00e-02 lr_adam 1.20e-03 tok_s 131634 | 3791/19073 (19.9%) | elapsed 4h13m | eta 16h55m
3800 train 2.637282 norm 0.4729 lr_muon 2.00e-02 lr_adam 1.20e-03 tok_s 131591 | 3801/19073 (19.9%) | elapsed 4h14m | eta 16h54m
3810 train 2.639458 norm 0.2622 lr_muon 2.00e-02 lr_adam 1.20e-03 tok_s 131616 | 3811/19073 (20.0%) | elapsed 4h14m | eta 16h53m
3820 train 3.004264 norm 0.2159 lr_muon 2.00e-02 lr_adam 1.20e-03 tok_s 131848 | 3821/19073 (20.0%) | elapsed 4h15m | eta 16h53m
3830 train 2.878955 norm 0.2173 lr_muon 2.00e-02 lr_adam 1.20e-03 tok_s 131669 | 3831/19073 (20.1%) | elapsed 4h16m | eta 16h52m
3840 train 2.814583 norm 0.2208 lr_muon 2.00e-02 lr_adam 1.20e-03 tok_s 131562 | 3841/19073 (20.1%) | elapsed 4h16m | eta 16h50m
3850 train 2.735547 norm 0.1887 lr_muon 2.00e-02 lr_adam 1.20e-03 tok_s 131781 | 3851/19073 (20.2%) | elapsed 4h17m | eta 16h49m
3860 train 2.641996 norm 0.2701 lr_muon 2.00e-02 lr_adam 1.20e-03 tok_s 131678 | 3861/19073 (20.2%) | elapsed 4h18m | eta 16h49m
3870 train 2.913715 norm 0.2220 lr_muon 2.00e-02 lr_adam 1.20e-03 tok_s 131888 | 3871/19073 (20.3%) | elapsed 4h18m | eta 16h48m
3880 train 2.824167 norm 0.2792 lr_muon 2.00e-02 lr_adam 1.20e-03 tok_s 131451 | 3881/19073 (20.3%) | elapsed 4h19m | eta 16h47m
3890 train 2.910382 norm 0.4537 lr_muon 2.00e-02 lr_adam 1.20e-03 tok_s 132127 | 3891/19073 (20.4%) | elapsed 4h20m | eta 16h46m
3900 train 2.810332 norm 0.1871 lr_muon 2.00e-02 lr_adam 1.20e-03 tok_s 131855 | 3901/19073 (20.5%) | elapsed 4h20m | eta 16h46m
3910 train 2.919977 norm 0.3176 lr_muon 2.00e-02 lr_adam 1.20e-03 tok_s 131799 | 3911/19073 (20.5%) | elapsed 4h21m | eta 16h45m
3920 train 2.824281 norm 0.2295 lr_muon 2.00e-02 lr_adam 1.20e-03 tok_s 131807 | 3921/19073 (20.6%) | elapsed 4h22m | eta 16h44m
3930 train 2.820371 norm 0.2821 lr_muon 2.00e-02 lr_adam 1.20e-03 tok_s 131592 | 3931/19073 (20.6%) | elapsed 4h22m | eta 16h44m
3940 train 2.838308 norm 0.1893 lr_muon 2.00e-02 lr_adam 1.20e-03 tok_s 131745 | 3941/19073 (20.7%) | elapsed 4h23m | eta 16h43m
3950 train 2.895584 norm 0.1953 lr_muon 2.00e-02 lr_adam 1.20e-03 tok_s 131711 | 3951/19073 (20.7%) | elapsed 4h24m | eta 16h42m
3960 train 2.825310 norm 0.2336 lr_muon 2.00e-02 lr_adam 1.20e-03 tok_s 131638 | 3961/19073 (20.8%) | elapsed 4h24m | eta 16h50m
3970 train 2.807320 norm 0.1887 lr_muon 2.00e-02 lr_adam 1.20e-03 tok_s 131764 | 3971/19073 (20.8%) | elapsed 4h25m | eta 16h44m
3980 train 2.556862 norm 0.3502 lr_muon 2.00e-02 lr_adam 1.20e-03 tok_s 131821 | 3981/19073 (20.9%) | elapsed 4h26m | eta 16h42m
3990 train 2.856913 norm 0.2858 lr_muon 2.00e-02 lr_adam 1.20e-03 tok_s 131603 | 3991/19073 (20.9%) | elapsed 4h26m | eta 16h40m
4000 val 3.208868
step  4000 | val loss 3.2089
4000 train 2.788378 norm 0.2024 lr_muon 2.00e-02 lr_adam 1.20e-03 tok_s 85656 | 4001/19073 (21.0%) | elapsed 4h27m | eta 17h33m
--- samples @ step 4000 ---
[sample 0] ' ‘Empty All- Infinite’\nThe Dawn of his Crime\nJulius is called to murder the king of his kingdom Eborus, an island messenger who feeds theatres from Cassai to Eudice. Rome sees Eborus as an angel who speaks 100 times an hour in'
[sample 1] ' the artist who singleminded the light man must respect."\n[Mcq Facebook comment]\nX actually In memorizing the Distant Houses becoming the access point to visit experience more tips than many others we all went in closer to reality experience. When we think of the paintings we actually see, in'
saved checkpoint -> /workspace/runs/modern_1024x24/checkpoints/ckpt_004000.pt
4010 train 2.811854 norm 0.1959 lr_muon 2.00e-02 lr_adam 1.20e-03 tok_s 131668 | 4011/19073 (21.0%) | elapsed 4h28m | eta 16h56m
4020 train 2.940789 norm 0.3257 lr_muon 2.00e-02 lr_adam 1.20e-03 tok_s 131729 | 4021/19073 (21.1%) | elapsed 4h29m | eta 16h44m
4030 train 2.707341 norm 0.2465 lr_muon 2.00e-02 lr_adam 1.20e-03 tok_s 131709 | 4031/19073 (21.1%) | elapsed 4h29m | eta 16h40m
4040 train 2.811913 norm 0.2452 lr_muon 2.00e-02 lr_adam 1.20e-03 tok_s 131558 | 4041/19073 (21.2%) | elapsed 4h30m | eta 16h38m
4050 train 2.696309 norm 0.2277 lr_muon 2.00e-02 lr_adam 1.20e-03 tok_s 131639 | 4051/19073 (21.2%) | elapsed 4h30m | eta 16h36m
4060 train 2.681848 norm 0.2320 lr_muon 2.00e-02 lr_adam 1.20e-03 tok_s 131689 | 4061/19073 (21.3%) | elapsed 4h31m | eta 16h36m
4070 train 2.920799 norm 0.2459 lr_muon 2.00e-02 lr_adam 1.20e-03 tok_s 131787 | 4071/19073 (21.3%) | elapsed 4h32m | eta 16h35m
4080 train 2.750905 norm 0.2635 lr_muon 2.00e-02 lr_adam 1.20e-03 tok_s 131513 | 4081/19073 (21.4%) | elapsed 4h32m | eta 16h34m
4090 train 2.675432 norm 0.2279 lr_muon 2.00e-02 lr_adam 1.20e-03 tok_s 131740 | 4091/19073 (21.4%) | elapsed 4h33m | eta 16h34m
4100 train 2.751734 norm 0.2884 lr_muon 2.00e-02 lr_adam 1.20e-03 tok_s 131605 | 4101/19073 (21.5%) | elapsed 4h34m | eta 16h34m
4110 train 2.957834 norm 0.2660 lr_muon 2.00e-02 lr_adam 1.20e-03 tok_s 131564 | 4111/19073 (21.6%) | elapsed 4h34m | eta 16h34m
4120 train 2.864725 norm 0.2715 lr_muon 2.00e-02 lr_adam 1.20e-03 tok_s 131709 | 4121/19073 (21.6%) | elapsed 4h35m | eta 16h33m
4130 train 2.796003 norm 0.1890 lr_muon 2.00e-02 lr_adam 1.20e-03 tok_s 131695 | 4131/19073 (21.7%) | elapsed 4h36m | eta 16h32m
4140 train 2.606883 norm 0.1802 lr_muon 2.00e-02 lr_adam 1.20e-03 tok_s 131416 | 4141/19073 (21.7%) | elapsed 4h36m | eta 16h31m
4150 train 2.662126 norm 0.2167 lr_muon 2.00e-02 lr_adam 1.20e-03 tok_s 131696 | 4151/19073 (21.8%) | elapsed 4h37m | eta 16h30m
4160 train 2.800498 norm 0.2364 lr_muon 2.00e-02 lr_adam 1.20e-03 tok_s 131626 | 4161/19073 (21.8%) | elapsed 4h38m | eta 16h29m
4170 train 2.959181 norm 0.2305 lr_muon 2.00e-02 lr_adam 1.20e-03 tok_s 131609 | 4171/19073 (21.9%) | elapsed 4h38m | eta 16h29m
4180 train 2.811098 norm 0.2418 lr_muon 2.00e-02 lr_adam 1.20e-03 tok_s 131689 | 4181/19073 (21.9%) | elapsed 4h39m | eta 16h28m
4190 train 2.771551 norm 0.2256 lr_muon 2.00e-02 lr_adam 1.20e-03 tok_s 131602 | 4191/19073 (22.0%) | elapsed 4h40m | eta 16h38m
4200 train 2.601500 norm 0.1993 lr_muon 2.00e-02 lr_adam 1.20e-03 tok_s 131411 | 4201/19073 (22.0%) | elapsed 4h40m | eta 16h31m
4210 train 2.661952 norm 0.1931 lr_muon 2.00e-02 lr_adam 1.20e-03 tok_s 131562 | 4211/19073 (22.1%) | elapsed 4h41m | eta 16h28m
4220 train 2.936498 norm 0.2195 lr_muon 2.00e-02 lr_adam 1.20e-03 tok_s 131590 | 4221/19073 (22.1%) | elapsed 4h42m | eta 16h27m
4230 train 2.841648 norm 0.2181 lr_muon 2.00e-02 lr_adam 1.20e-03 tok_s 131618 | 4231/19073 (22.2%) | elapsed 4h42m | eta 16h25m
4240 train 2.792056 norm 0.2283 lr_muon 2.00e-02 lr_adam 1.20e-03 tok_s 131689 | 4241/19073 (22.2%) | elapsed 4h43m | eta 16h39m
4250 val 3.210180
step  4250 | val loss 3.2102
4250 train 2.822670 norm 0.2096 lr_muon 2.00e-02 lr_adam 1.20e-03 tok_s 84894 | 4251/19073 (22.3%) | elapsed 4h44m | eta 17h23m
4260 train 2.676360 norm 0.2309 lr_muon 2.00e-02 lr_adam 1.20e-03 tok_s 131672 | 4261/19073 (22.3%) | elapsed 4h45m | eta 16h43m
4270 train 3.038285 norm 0.2522 lr_muon 2.00e-02 lr_adam 1.20e-03 tok_s 131775 | 4271/19073 (22.4%) | elapsed 4h45m | eta 16h29m
4280 train 2.897458 norm 0.3258 lr_muon 2.00e-02 lr_adam 1.20e-03 tok_s 131894 | 4281/19073 (22.4%) | elapsed 4h46m | eta 16h23m
4290 train 2.775811 norm 0.1915 lr_muon 2.00e-02 lr_adam 1.20e-03 tok_s 131718 | 4291/19073 (22.5%) | elapsed 4h46m | eta 16h21m
4300 train 2.779921 norm 0.2221 lr_muon 2.00e-02 lr_adam 1.20e-03 tok_s 131217 | 4301/19073 (22.6%) | elapsed 4h47m | eta 16h21m
4310 train 2.744543 norm 0.2523 lr_muon 2.00e-02 lr_adam 1.20e-03 tok_s 131987 | 4311/19073 (22.6%) | elapsed 4h48m | eta 16h20m
4320 train 2.795895 norm 0.3785 lr_muon 2.00e-02 lr_adam 1.20e-03 tok_s 131903 | 4321/19073 (22.7%) | elapsed 4h48m | eta 16h17m
4330 train 2.814320 norm 0.2380 lr_muon 2.00e-02 lr_adam 1.20e-03 tok_s 131765 | 4331/19073 (22.7%) | elapsed 4h49m | eta 16h16m
4340 train 2.861212 norm 0.2305 lr_muon 2.00e-02 lr_adam 1.20e-03 tok_s 131725 | 4341/19073 (22.8%) | elapsed 4h50m | eta 16h16m
4350 train 2.839451 norm 0.2085 lr_muon 2.00e-02 lr_adam 1.20e-03 tok_s 131882 | 4351/19073 (22.8%) | elapsed 4h50m | eta 16h16m
4360 train 2.828419 norm 0.2887 lr_muon 2.00e-02 lr_adam 1.20e-03 tok_s 131655 | 4361/19073 (22.9%) | elapsed 4h51m | eta 16h15m
4370 train 2.786174 norm 0.2745 lr_muon 2.00e-02 lr_adam 1.20e-03 tok_s 131598 | 4371/19073 (22.9%) | elapsed 4h52m | eta 16h15m
4380 train 2.674142 norm 0.3063 lr_muon 2.00e-02 lr_adam 1.20e-03 tok_s 131728 | 4381/19073 (23.0%) | elapsed 4h52m | eta 16h14m
4390 train 2.813690 norm 0.2438 lr_muon 2.00e-02 lr_adam 1.20e-03 tok_s 131690 | 4391/19073 (23.0%) | elapsed 4h53m | eta 16h14m
4400 train 2.765491 norm 0.2241 lr_muon 2.00e-02 lr_adam 1.20e-03 tok_s 131739 | 4401/19073 (23.1%) | elapsed 4h54m | eta 16h13m
4410 train 2.826769 norm 0.1988 lr_muon 2.00e-02 lr_adam 1.20e-03 tok_s 131750 | 4411/19073 (23.1%) | elapsed 4h54m | eta 16h12m
4420 train 2.932086 norm 0.2473 lr_muon 2.00e-02 lr_adam 1.20e-03 tok_s 131937 | 4421/19073 (23.2%) | elapsed 4h55m | eta 16h25m
4430 train 2.662862 norm 0.4036 lr_muon 2.00e-02 lr_adam 1.20e-03 tok_s 131734 | 4431/19073 (23.2%) | elapsed 4h56m | eta 16h15m
4440 train 2.833471 norm 0.2090 lr_muon 2.00e-02 lr_adam 1.20e-03 tok_s 131984 | 4441/19073 (23.3%) | elapsed 4h56m | eta 16h11m
4450 train 2.801759 norm 0.2710 lr_muon 2.00e-02 lr_adam 1.20e-03 tok_s 131807 | 4451/19073 (23.3%) | elapsed 4h57m | eta 16h09m
4460 train 2.787033 norm 0.2160 lr_muon 2.00e-02 lr_adam 1.20e-03 tok_s 131717 | 4461/19073 (23.4%) | elapsed 4h58m | eta 16h08m
4470 train 2.930827 norm 0.2620 lr_muon 2.00e-02 lr_adam 1.20e-03 tok_s 131871 | 4471/19073 (23.4%) | elapsed 4h58m | eta 16h08m
4480 train 2.753814 norm 0.2906 lr_muon 2.00e-02 lr_adam 1.20e-03 tok_s 131858 | 4481/19073 (23.5%) | elapsed 4h59m | eta 16h07m
4490 train 2.557466 norm 0.2065 lr_muon 2.00e-02 lr_adam 1.20e-03 tok_s 131841 | 4491/19073 (23.5%) | elapsed 5h00m | eta 16h06m
4500 val 3.199010
step  4500 | val loss 3.1990
4500 train 2.812787 norm 0.1811 lr_muon 2.00e-02 lr_adam 1.20e-03 tok_s 85978 | 4501/19073 (23.6%) | elapsed 5h00m | eta 16h57m
4510 train 2.823783 norm 0.2733 lr_muon 2.00e-02 lr_adam 1.20e-03 tok_s 131715 | 4511/19073 (23.7%) | elapsed 5h01m | eta 16h23m
4520 train 2.978180 norm 0.2204 lr_muon 2.00e-02 lr_adam 1.20e-03 tok_s 131589 | 4521/19073 (23.7%) | elapsed 5h02m | eta 16h11m
4530 train 2.760785 norm 0.3450 lr_muon 2.00e-02 lr_adam 1.20e-03 tok_s 131590 | 4531/19073 (23.8%) | elapsed 5h02m | eta 16h07m
4540 train 2.741160 norm 0.2340 lr_muon 2.00e-02 lr_adam 1.20e-03 tok_s 131696 | 4541/19073 (23.8%) | elapsed 5h03m | eta 16h05m
4550 train 2.604570 norm 0.1639 lr_muon 2.00e-02 lr_adam 1.20e-03 tok_s 132026 | 4551/19073 (23.9%) | elapsed 5h04m | eta 16h03m
4560 train 2.842924 norm 0.2188 lr_muon 2.00e-02 lr_adam 1.20e-03 tok_s 131661 | 4561/19073 (23.9%) | elapsed 5h04m | eta 16h02m
4570 train 2.880604 norm 0.2208 lr_muon 2.00e-02 lr_adam 1.20e-03 tok_s 131790 | 4571/19073 (24.0%) | elapsed 5h05m | eta 16h01m
4580 train 2.783137 norm 0.1879 lr_muon 2.00e-02 lr_adam 1.20e-03 tok_s 131464 | 4581/19073 (24.0%) | elapsed 5h06m | eta 16h01m
4590 train 2.808837 norm 0.2151 lr_muon 2.00e-02 lr_adam 1.20e-03 tok_s 131759 | 4591/19073 (24.1%) | elapsed 5h06m | eta 16h00m
4600 train 2.554615 norm 0.1888 lr_muon 2.00e-02 lr_adam 1.20e-03 tok_s 131948 | 4601/19073 (24.1%) | elapsed 5h07m | eta 15h59m
4610 train 2.819358 norm 0.3045 lr_muon 2.00e-02 lr_adam 1.20e-03 tok_s 131916 | 4611/19073 (24.2%) | elapsed 5h08m | eta 15h58m
4620 train 2.956110 norm 0.4693 lr_muon 2.00e-02 lr_adam 1.20e-03 tok_s 131816 | 4621/19073 (24.2%) | elapsed 5h08m | eta 15h57m
4630 train 2.801267 norm 0.2223 lr_muon 2.00e-02 lr_adam 1.20e-03 tok_s 131959 | 4631/19073 (24.3%) | elapsed 5h09m | eta 15h56m
4640 train 2.752182 norm 0.1957 lr_muon 2.00e-02 lr_adam 1.20e-03 tok_s 131870 | 4641/19073 (24.3%) | elapsed 5h10m | eta 15h56m
4650 train 2.689516 norm 0.1789 lr_muon 2.00e-02 lr_adam 1.20e-03 tok_s 107405 | 4651/19073 (24.4%) | elapsed 5h10m | eta 16h17m
4660 train 2.630926 norm 0.3882 lr_muon 2.00e-02 lr_adam 1.20e-03 tok_s 131797 | 4661/19073 (24.4%) | elapsed 5h11m | eta 16h03m
4670 train 2.914274 norm 0.2293 lr_muon 2.00e-02 lr_adam 1.20e-03 tok_s 131733 | 4671/19073 (24.5%) | elapsed 5h12m | eta 15h57m
4680 train 2.796045 norm 0.3399 lr_muon 2.00e-02 lr_adam 1.20e-03 tok_s 131415 | 4681/19073 (24.5%) | elapsed 5h12m | eta 15h56m
4690 train 2.747381 norm 0.2753 lr_muon 2.00e-02 lr_adam 1.20e-03 tok_s 131627 | 4691/19073 (24.6%) | elapsed 5h13m | eta 15h55m
4700 train 2.785881 norm 0.2051 lr_muon 2.00e-02 lr_adam 1.20e-03 tok_s 131855 | 4701/19073 (24.6%) | elapsed 5h14m | eta 15h53m
4710 train 2.603590 norm 0.2658 lr_muon 2.00e-02 lr_adam 1.20e-03 tok_s 131979 | 4711/19073 (24.7%) | elapsed 5h14m | eta 15h52m
4720 train 2.785555 norm 0.2081 lr_muon 2.00e-02 lr_adam 1.20e-03 tok_s 131393 | 4721/19073 (24.8%) | elapsed 5h15m | eta 15h51m
4730 train 2.882792 norm 0.2126 lr_muon 2.00e-02 lr_adam 1.20e-03 tok_s 131744 | 4731/19073 (24.8%) | elapsed 5h16m | eta 15h51m
4740 train 2.719521 norm 0.2117 lr_muon 2.00e-02 lr_adam 1.20e-03 tok_s 131735 | 4741/19073 (24.9%) | elapsed 5h16m | eta 15h50m
4750 val 3.181867
step  4750 | val loss 3.1819
4750 train 2.675378 norm 0.2041 lr_muon 2.00e-02 lr_adam 1.20e-03 tok_s 85277 | 4751/19073 (24.9%) | elapsed 5h17m | eta 16h41m
4760 train 2.777053 norm 0.2080 lr_muon 2.00e-02 lr_adam 1.20e-03 tok_s 131825 | 4761/19073 (25.0%) | elapsed 5h18m | eta 16h07m
4770 train 2.852454 norm 0.2515 lr_muon 2.00e-02 lr_adam 1.20e-03 tok_s 131568 | 4771/19073 (25.0%) | elapsed 5h18m | eta 15h55m
4780 train 2.650120 norm 0.2063 lr_muon 2.00e-02 lr_adam 1.20e-03 tok_s 131897 | 4781/19073 (25.1%) | elapsed 5h19m | eta 15h50m
4790 train 2.765692 norm 0.2167 lr_muon 2.00e-02 lr_adam 1.20e-03 tok_s 131682 | 4791/19073 (25.1%) | elapsed 5h20m | eta 15h47m
4800 train 2.793608 norm 0.2638 lr_muon 2.00e-02 lr_adam 1.20e-03 tok_s 131591 | 4801/19073 (25.2%) | elapsed 5h20m | eta 15h47m
4810 train 2.734298 norm 0.2081 lr_muon 2.00e-02 lr_adam 1.20e-03 tok_s 131724 | 4811/19073 (25.2%) | elapsed 5h21m | eta 15h45m
4820 train 2.981694 norm 0.2492 lr_muon 2.00e-02 lr_adam 1.20e-03 tok_s 131742 | 4821/19073 (25.3%) | elapsed 5h22m | eta 15h45m
4830 train 2.664984 norm 0.2445 lr_muon 2.00e-02 lr_adam 1.20e-03 tok_s 131717 | 4831/19073 (25.3%) | elapsed 5h22m | eta 15h44m
4840 train 2.796646 norm 0.2020 lr_muon 2.00e-02 lr_adam 1.20e-03 tok_s 131751 | 4841/19073 (25.4%) | elapsed 5h23m | eta 15h44m
4850 train 2.704594 norm 0.2392 lr_muon 2.00e-02 lr_adam 1.20e-03 tok_s 131396 | 4851/19073 (25.4%) | elapsed 5h24m | eta 15h44m
4860 train 2.829626 norm 0.2311 lr_muon 2.00e-02 lr_adam 1.20e-03 tok_s 131387 | 4861/19073 (25.5%) | elapsed 5h24m | eta 15h44m
4870 train 2.903524 norm 0.2458 lr_muon 2.00e-02 lr_adam 1.20e-03 tok_s 131840 | 4871/19073 (25.5%) | elapsed 5h25m | eta 15h43m
4880 train 2.742098 norm 0.2410 lr_muon 2.00e-02 lr_adam 1.20e-03 tok_s 131392 | 4881/19073 (25.6%) | elapsed 5h26m | eta 15h42m
4890 train 2.609354 norm 0.2483 lr_muon 2.00e-02 lr_adam 1.20e-03 tok_s 131420 | 4891/19073 (25.6%) | elapsed 5h26m | eta 15h49m
4900 train 2.807985 norm 0.2180 lr_muon 2.00e-02 lr_adam 1.20e-03 tok_s 131280 | 4901/19073 (25.7%) | elapsed 5h27m | eta 15h44m
4910 train 2.808437 norm 0.2241 lr_muon 2.00e-02 lr_adam 1.20e-03 tok_s 131451 | 4911/19073 (25.7%) | elapsed 5h28m | eta 15h42m
4920 train 2.943578 norm 0.2007 lr_muon 2.00e-02 lr_adam 1.20e-03 tok_s 131510 | 4921/19073 (25.8%) | elapsed 5h28m | eta 15h40m
4930 train 2.725141 norm 0.1944 lr_muon 2.00e-02 lr_adam 1.20e-03 tok_s 131627 | 4931/19073 (25.9%) | elapsed 5h29m | eta 15h39m
4940 train 2.647287 norm 0.1875 lr_muon 2.00e-02 lr_adam 1.20e-03 tok_s 131537 | 4941/19073 (25.9%) | elapsed 5h30m | eta 15h38m
4950 train 2.697517 norm 0.2262 lr_muon 2.00e-02 lr_adam 1.20e-03 tok_s 131655 | 4951/19073 (26.0%) | elapsed 5h30m | eta 15h38m
4960 train 2.779301 norm 0.2257 lr_muon 2.00e-02 lr_adam 1.20e-03 tok_s 131582 | 4961/19073 (26.0%) | elapsed 5h31m | eta 15h37m
4970 train 2.981052 norm 0.2277 lr_muon 2.00e-02 lr_adam 1.20e-03 tok_s 131307 | 4971/19073 (26.1%) | elapsed 5h32m | eta 15h36m
4980 train 2.779338 norm 0.2100 lr_muon 2.00e-02 lr_adam 1.20e-03 tok_s 131597 | 4981/19073 (26.1%) | elapsed 5h32m | eta 15h35m
4990 train 3.260037 norm 0.3384 lr_muon 2.00e-02 lr_adam 1.20e-03 tok_s 131513 | 4991/19073 (26.2%) | elapsed 5h33m | eta 15h35m
5000 val 3.200780
step  5000 | val loss 3.2008
5000 train 2.651413 norm 0.2182 lr_muon 2.00e-02 lr_adam 1.20e-03 tok_s 81654 | 5001/19073 (26.2%) | elapsed 5h34m | eta 16h31m
saved checkpoint -> /workspace/runs/modern_1024x24/checkpoints/ckpt_005000.pt
5010 train 2.693946 norm 0.2143 lr_muon 2.00e-02 lr_adam 1.20e-03 tok_s 131772 | 5011/19073 (26.3%) | elapsed 5h35m | eta 15h52m
5020 train 2.962213 norm 0.2466 lr_muon 2.00e-02 lr_adam 1.20e-03 tok_s 131605 | 5021/19073 (26.3%) | elapsed 5h35m | eta 15h39m
5030 train 2.741564 norm 0.2438 lr_muon 2.00e-02 lr_adam 1.20e-03 tok_s 131525 | 5031/19073 (26.4%) | elapsed 5h36m | eta 15h34m
5040 train 2.764779 norm 0.2000 lr_muon 2.00e-02 lr_adam 1.20e-03 tok_s 131758 | 5041/19073 (26.4%) | elapsed 5h37m | eta 15h32m
5050 train 2.732631 norm 0.1748 lr_muon 2.00e-02 lr_adam 1.20e-03 tok_s 131462 | 5051/19073 (26.5%) | elapsed 5h37m | eta 15h31m
5060 train 2.668361 norm 0.3729 lr_muon 2.00e-02 lr_adam 1.20e-03 tok_s 131421 | 5061/19073 (26.5%) | elapsed 5h38m | eta 15h31m
5070 train 2.947453 norm 0.2145 lr_muon 2.00e-02 lr_adam 1.20e-03 tok_s 131404 | 5071/19073 (26.6%) | elapsed 5h39m | eta 15h31m
5080 train 2.780722 norm 0.2097 lr_muon 2.00e-02 lr_adam 1.20e-03 tok_s 130733 | 5081/19073 (26.6%) | elapsed 5h39m | eta 15h31m
5090 train 2.761928 norm 0.1936 lr_muon 2.00e-02 lr_adam 1.20e-03 tok_s 131247 | 5091/19073 (26.7%) | elapsed 5h40m | eta 15h32m
5100 train 2.752354 norm 0.1948 lr_muon 2.00e-02 lr_adam 1.20e-03 tok_s 131446 | 5101/19073 (26.7%) | elapsed 5h41m | eta 15h29m
5110 train 2.595020 norm 0.1844 lr_muon 2.00e-02 lr_adam 1.20e-03 tok_s 131646 | 5111/19073 (26.8%) | elapsed 5h41m | eta 15h27m
5120 train 2.801996 norm 0.2106 lr_muon 2.00e-02 lr_adam 1.20e-03 tok_s 131411 | 5121/19073 (26.8%) | elapsed 5h42m | eta 15h35m
5130 train 2.835721 norm 0.2318 lr_muon 2.00e-02 lr_adam 1.20e-03 tok_s 131709 | 5131/19073 (26.9%) | elapsed 5h43m | eta 15h29m
5140 train 2.627317 norm 0.2061 lr_muon 2.00e-02 lr_adam 1.20e-03 tok_s 131442 | 5141/19073 (27.0%) | elapsed 5h43m | eta 15h26m
5150 train 2.786969 norm 0.1973 lr_muon 2.00e-02 lr_adam 1.20e-03 tok_s 131497 | 5151/19073 (27.0%) | elapsed 5h44m | eta 15h25m
5160 train 2.739223 norm 0.1930 lr_muon 2.00e-02 lr_adam 1.20e-03 tok_s 131705 | 5161/19073 (27.1%) | elapsed 5h45m | eta 15h24m
5170 train 2.747435 norm 0.1986 lr_muon 2.00e-02 lr_adam 1.20e-03 tok_s 131794 | 5171/19073 (27.1%) | elapsed 5h45m | eta 15h22m
5180 train 2.768924 norm 0.2939 lr_muon 2.00e-02 lr_adam 1.20e-03 tok_s 132065 | 5181/19073 (27.2%) | elapsed 5h46m | eta 15h21m
5190 train 2.784724 norm 0.2906 lr_muon 2.00e-02 lr_adam 1.20e-03 tok_s 132080 | 5191/19073 (27.2%) | elapsed 5h47m | eta 15h19m
5200 train 2.746085 norm 0.2189 lr_muon 2.00e-02 lr_adam 1.20e-03 tok_s 131928 | 5201/19073 (27.3%) | elapsed 5h47m | eta 15h18m
5210 train 2.806830 norm 0.2450 lr_muon 2.00e-02 lr_adam 1.20e-03 tok_s 131712 | 5211/19073 (27.3%) | elapsed 5h48m | eta 15h17m
5220 train 2.893579 norm 0.2077 lr_muon 2.00e-02 lr_adam 1.20e-03 tok_s 132368 | 5221/19073 (27.4%) | elapsed 5h49m | eta 15h16m
5230 train 2.633404 norm 0.1967 lr_muon 2.00e-02 lr_adam 1.20e-03 tok_s 132074 | 5231/19073 (27.4%) | elapsed 5h49m | eta 15h16m
5240 train 2.869611 norm 0.2681 lr_muon 2.00e-02 lr_adam 1.20e-03 tok_s 132004 | 5241/19073 (27.5%) | elapsed 5h50m | eta 15h15m
5250 val 3.180473
step  5250 | val loss 3.1805
5250 train 2.847502 norm 0.1958 lr_muon 2.00e-02 lr_adam 1.20e-03 tok_s 85171 | 5251/19073 (27.5%) | elapsed 5h51m | eta 16h04m
5260 train 2.794820 norm 0.2124 lr_muon 2.00e-02 lr_adam 1.20e-03 tok_s 132307 | 5261/19073 (27.6%) | elapsed 5h51m | eta 15h31m
5270 train 2.918831 norm 0.1924 lr_muon 2.00e-02 lr_adam 1.20e-03 tok_s 131991 | 5271/19073 (27.6%) | elapsed 5h52m | eta 15h19m
5280 train 2.677129 norm 0.2626 lr_muon 2.00e-02 lr_adam 1.20e-03 tok_s 132119 | 5281/19073 (27.7%) | elapsed 5h53m | eta 15h14m
5290 train 2.604782 norm 0.1902 lr_muon 2.00e-02 lr_adam 1.20e-03 tok_s 131838 | 5291/19073 (27.7%) | elapsed 5h53m | eta 15h12m
5300 train 2.685803 norm 0.3313 lr_muon 2.00e-02 lr_adam 1.20e-03 tok_s 131970 | 5301/19073 (27.8%) | elapsed 5h54m | eta 15h22m
5310 train 2.657582 norm 0.1668 lr_muon 2.00e-02 lr_adam 1.20e-03 tok_s 132205 | 5311/19073 (27.8%) | elapsed 5h55m | eta 15h14m
5320 train 2.938513 norm 0.2058 lr_muon 2.00e-02 lr_adam 1.20e-03 tok_s 131891 | 5321/19073 (27.9%) | elapsed 5h55m | eta 15h11m
5330 train 2.755054 norm 0.2651 lr_muon 2.00e-02 lr_adam 1.20e-03 tok_s 131809 | 5331/19073 (28.0%) | elapsed 5h56m | eta 15h10m
5340 train 2.692871 norm 0.2190 lr_muon 2.00e-02 lr_adam 1.20e-03 tok_s 131478 | 5341/19073 (28.0%) | elapsed 5h57m | eta 15h11m
5350 train 2.619061 norm 0.2013 lr_muon 2.00e-02 lr_adam 1.20e-03 tok_s 131531 | 5351/19073 (28.1%) | elapsed 5h57m | eta 15h27m
5360 train 2.774003 norm 0.2174 lr_muon 2.00e-02 lr_adam 1.20e-03 tok_s 131440 | 5361/19073 (28.1%) | elapsed 5h58m | eta 15h16m
5370 train 2.897649 norm 0.2181 lr_muon 2.00e-02 lr_adam 1.20e-03 tok_s 131519 | 5371/19073 (28.2%) | elapsed 5h59m | eta 15h12m
5380 train 2.778730 norm 0.2337 lr_muon 2.00e-02 lr_adam 1.20e-03 tok_s 131548 | 5381/19073 (28.2%) | elapsed 5h59m | eta 15h10m
5390 train 2.762187 norm 0.2190 lr_muon 2.00e-02 lr_adam 1.20e-03 tok_s 131488 | 5391/19073 (28.3%) | elapsed 6h00m | eta 15h08m
5400 train 2.638564 norm 0.1863 lr_muon 2.00e-02 lr_adam 1.20e-03 tok_s 131537 | 5401/19073 (28.3%) | elapsed 6h01m | eta 15h07m
5410 train 2.869250 norm 0.3755 lr_muon 2.00e-02 lr_adam 1.20e-03 tok_s 131833 | 5411/19073 (28.4%) | elapsed 6h01m | eta 15h07m
5420 train 2.949329 norm 0.1929 lr_muon 2.00e-02 lr_adam 1.20e-03 tok_s 131547 | 5421/19073 (28.4%) | elapsed 6h02m | eta 15h05m
5430 train 2.808561 norm 0.2122 lr_muon 2.00e-02 lr_adam 1.20e-03 tok_s 131599 | 5431/19073 (28.5%) | elapsed 6h03m | eta 15h05m
5440 train 2.718781 norm 0.2379 lr_muon 2.00e-02 lr_adam 1.20e-03 tok_s 132105 | 5441/19073 (28.5%) | elapsed 6h03m | eta 15h04m
5450 train 2.781267 norm 0.2906 lr_muon 2.00e-02 lr_adam 1.20e-03 tok_s 131507 | 5451/19073 (28.6%) | elapsed 6h04m | eta 15h04m
5460 train 2.486047 norm 0.3091 lr_muon 2.00e-02 lr_adam 1.20e-03 tok_s 131549 | 5461/19073 (28.6%) | elapsed 6h05m | eta 15h04m
5470 train 2.971365 norm 0.2132 lr_muon 2.00e-02 lr_adam 1.20e-03 tok_s 131386 | 5471/19073 (28.7%) | elapsed 6h05m | eta 15h03m
5480 train 2.822125 norm 0.2099 lr_muon 2.00e-02 lr_adam 1.20e-03 tok_s 131654 | 5481/19073 (28.7%) | elapsed 6h06m | eta 15h03m
5490 train 2.847511 norm 0.1986 lr_muon 2.00e-02 lr_adam 1.20e-03 tok_s 131661 | 5491/19073 (28.8%) | elapsed 6h07m | eta 15h01m
5500 val 3.177079
step  5500 | val loss 3.1771
5500 train 2.725444 norm 0.1826 lr_muon 2.00e-02 lr_adam 1.20e-03 tok_s 81763 | 5501/19073 (28.8%) | elapsed 6h07m | eta 15h55m
5510 train 2.675807 norm 0.2081 lr_muon 2.00e-02 lr_adam 1.20e-03 tok_s 131609 | 5511/19073 (28.9%) | elapsed 6h08m | eta 15h19m
5520 train 2.822648 norm 0.2426 lr_muon 2.00e-02 lr_adam 1.20e-03 tok_s 131648 | 5521/19073 (28.9%) | elapsed 6h09m | eta 15h06m
5530 train 2.776531 norm 0.2433 lr_muon 2.00e-02 lr_adam 1.20e-03 tok_s 131687 | 5531/19073 (29.0%) | elapsed 6h09m | eta 15h00m
5540 train 2.740252 norm 0.2606 lr_muon 2.00e-02 lr_adam 1.20e-03 tok_s 131512 | 5541/19073 (29.1%) | elapsed 6h10m | eta 14h59m
5550 train 2.801359 norm 0.1993 lr_muon 2.00e-02 lr_adam 1.20e-03 tok_s 131704 | 5551/19073 (29.1%) | elapsed 6h11m | eta 14h57m
5560 train 2.790011 norm 0.2198 lr_muon 2.00e-02 lr_adam 1.20e-03 tok_s 131848 | 5561/19073 (29.2%) | elapsed 6h11m | eta 14h56m
5570 train 2.799145 norm 0.1967 lr_muon 2.00e-02 lr_adam 1.20e-03 tok_s 131754 | 5571/19073 (29.2%) | elapsed 6h12m | eta 14h55m
5580 train 2.741587 norm 0.2193 lr_muon 2.00e-02 lr_adam 1.20e-03 tok_s 131828 | 5581/19073 (29.3%) | elapsed 6h13m | eta 14h55m
5590 train 2.856288 norm 0.2366 lr_muon 2.00e-02 lr_adam 1.20e-03 tok_s 131622 | 5591/19073 (29.3%) | elapsed 6h13m | eta 15h01m
5600 train 2.935527 norm 0.5345 lr_muon 2.00e-02 lr_adam 1.20e-03 tok_s 131579 | 5601/19073 (29.4%) | elapsed 6h14m | eta 14h56m
5610 train 2.774988 norm 0.1936 lr_muon 2.00e-02 lr_adam 1.20e-03 tok_s 131551 | 5611/19073 (29.4%) | elapsed 6h15m | eta 14h54m
5620 train 2.846793 norm 0.1724 lr_muon 2.00e-02 lr_adam 1.20e-03 tok_s 131497 | 5621/19073 (29.5%) | elapsed 6h15m | eta 14h53m
5630 train 2.580161 norm 0.3208 lr_muon 2.00e-02 lr_adam 1.20e-03 tok_s 131311 | 5631/19073 (29.5%) | elapsed 6h16m | eta 14h52m
5640 train 2.830497 norm 0.2046 lr_muon 2.00e-02 lr_adam 1.20e-03 tok_s 131605 | 5641/19073 (29.6%) | elapsed 6h17m | eta 14h52m
5650 train 2.785449 norm 0.1981 lr_muon 2.00e-02 lr_adam 1.20e-03 tok_s 131507 | 5651/19073 (29.6%) | elapsed 6h17m | eta 14h51m
5660 train 2.801099 norm 0.2207 lr_muon 2.00e-02 lr_adam 1.20e-03 tok_s 131533 | 5661/19073 (29.7%) | elapsed 6h18m | eta 14h51m
5670 train 2.898864 norm 0.2055 lr_muon 2.00e-02 lr_adam 1.20e-03 tok_s 131880 | 5671/19073 (29.7%) | elapsed 6h19m | eta 14h49m
5680 train 2.527999 norm 0.1911 lr_muon 2.00e-02 lr_adam 1.20e-03 tok_s 131716 | 5681/19073 (29.8%) | elapsed 6h19m | eta 14h48m
5690 train 2.599526 norm 0.2007 lr_muon 2.00e-02 lr_adam 1.20e-03 tok_s 131594 | 5691/19073 (29.8%) | elapsed 6h20m | eta 14h48m
5700 train 2.779180 norm 0.2033 lr_muon 2.00e-02 lr_adam 1.20e-03 tok_s 131401 | 5701/19073 (29.9%) | elapsed 6h21m | eta 14h48m
5710 train 2.784496 norm 0.2660 lr_muon 2.00e-02 lr_adam 1.20e-03 tok_s 131676 | 5711/19073 (29.9%) | elapsed 6h21m | eta 14h47m
5720 train 2.893016 norm 0.1767 lr_muon 2.00e-02 lr_adam 1.20e-03 tok_s 131524 | 5721/19073 (30.0%) | elapsed 6h22m | eta 14h46m
5730 train 2.732699 norm 0.2217 lr_muon 2.00e-02 lr_adam 1.20e-03 tok_s 131587 | 5731/19073 (30.0%) | elapsed 6h23m | eta 14h46m
5740 train 2.631277 norm 0.2786 lr_muon 2.00e-02 lr_adam 1.20e-03 tok_s 131759 | 5741/19073 (30.1%) | elapsed 6h23m | eta 14h45m
5750 val 3.187435
step  5750 | val loss 3.1874
5750 train 2.628111 norm 0.2232 lr_muon 2.00e-02 lr_adam 1.20e-03 tok_s 78339 | 5751/19073 (30.2%) | elapsed 6h24m | eta 15h44m
5760 train 2.813027 norm 0.2149 lr_muon 2.00e-02 lr_adam 1.20e-03 tok_s 131594 | 5761/19073 (30.2%) | elapsed 6h25m | eta 15h04m
5770 train 2.982751 norm 0.2172 lr_muon 2.00e-02 lr_adam 1.20e-03 tok_s 131577 | 5771/19073 (30.3%) | elapsed 6h25m | eta 14h50m
5780 train 2.718759 norm 0.1855 lr_muon 2.00e-02 lr_adam 1.20e-03 tok_s 131724 | 5781/19073 (30.3%) | elapsed 6h26m | eta 14h44m
5790 train 2.755989 norm 0.1902 lr_muon 2.00e-02 lr_adam 1.20e-03 tok_s 131549 | 5791/19073 (30.4%) | elapsed 6h27m | eta 14h42m
5800 train 2.599285 norm 0.2219 lr_muon 2.00e-02 lr_adam 1.20e-03 tok_s 131889 | 5801/19073 (30.4%) | elapsed 6h27m | eta 14h41m
5810 train 2.793806 norm 0.2052 lr_muon 2.00e-02 lr_adam 1.20e-03 tok_s 131876 | 5811/19073 (30.5%) | elapsed 6h28m | eta 14h40m
5820 train 2.943085 norm 0.1867 lr_muon 2.00e-02 lr_adam 1.20e-03 tok_s 132013 | 5821/19073 (30.5%) | elapsed 6h29m | eta 14h47m
5830 train 2.727719 norm 0.2352 lr_muon 2.00e-02 lr_adam 1.20e-03 tok_s 131813 | 5831/19073 (30.6%) | elapsed 6h29m | eta 14h41m
5840 train 2.765115 norm 0.2366 lr_muon 2.00e-02 lr_adam 1.20e-03 tok_s 131794 | 5841/19073 (30.6%) | elapsed 6h30m | eta 14h38m
5850 train 2.674263 norm 0.2507 lr_muon 2.00e-02 lr_adam 1.20e-03 tok_s 131544 | 5851/19073 (30.7%) | elapsed 6h31m | eta 14h37m
5860 train 2.586382 norm 0.1725 lr_muon 2.00e-02 lr_adam 1.20e-03 tok_s 131543 | 5861/19073 (30.7%) | elapsed 6h31m | eta 14h37m
5870 train 2.989985 norm 0.2565 lr_muon 2.00e-02 lr_adam 1.20e-03 tok_s 131735 | 5871/19073 (30.8%) | elapsed 6h32m | eta 14h35m
5880 train 2.786621 norm 0.1930 lr_muon 2.00e-02 lr_adam 1.20e-03 tok_s 131909 | 5881/19073 (30.8%) | elapsed 6h33m | eta 14h34m
5890 train 2.787800 norm 0.1903 lr_muon 2.00e-02 lr_adam 1.20e-03 tok_s 131750 | 5891/19073 (30.9%) | elapsed 6h33m | eta 14h33m
5900 train 2.810272 norm 0.4179 lr_muon 2.00e-02 lr_adam 1.20e-03 tok_s 131880 | 5901/19073 (30.9%) | elapsed 6h34m | eta 14h32m
5910 train 2.610404 norm 0.2599 lr_muon 2.00e-02 lr_adam 1.20e-03 tok_s 131621 | 5911/19073 (31.0%) | elapsed 6h35m | eta 14h32m
5920 train 2.701538 norm 0.2947 lr_muon 2.00e-02 lr_adam 1.20e-03 tok_s 131886 | 5921/19073 (31.0%) | elapsed 6h35m | eta 14h32m
5930 train 2.779342 norm 0.2257 lr_muon 2.00e-02 lr_adam 1.20e-03 tok_s 131871 | 5931/19073 (31.1%) | elapsed 6h36m | eta 14h31m
5940 train 2.904172 norm 0.2016 lr_muon 2.00e-02 lr_adam 1.20e-03 tok_s 131872 | 5941/19073 (31.1%) | elapsed 6h37m | eta 14h30m
5950 train 2.800159 norm 0.1987 lr_muon 2.00e-02 lr_adam 1.20e-03 tok_s 131963 | 5951/19073 (31.2%) | elapsed 6h37m | eta 14h29m
5960 train 2.733696 norm 0.2714 lr_muon 2.00e-02 lr_adam 1.20e-03 tok_s 131833 | 5961/19073 (31.3%) | elapsed 6h38m | eta 14h28m
5970 train 2.727858 norm 0.1812 lr_muon 2.00e-02 lr_adam 1.20e-03 tok_s 132007 | 5971/19073 (31.3%) | elapsed 6h39m | eta 14h28m
5980 train 2.750161 norm 0.2460 lr_muon 2.00e-02 lr_adam 1.20e-03 tok_s 131901 | 5981/19073 (31.4%) | elapsed 6h39m | eta 14h27m
5990 train 2.763644 norm 0.2230 lr_muon 2.00e-02 lr_adam 1.20e-03 tok_s 131904 | 5991/19073 (31.4%) | elapsed 6h40m | eta 14h26m
6000 val 3.177205
step  6000 | val loss 3.1772
6000 train 2.835443 norm 0.3160 lr_muon 2.00e-02 lr_adam 1.20e-03 tok_s 79972 | 6001/19073 (31.5%) | elapsed 6h41m | eta 15h23m
saved checkpoint -> /workspace/runs/modern_1024x24/checkpoints/ckpt_006000.pt
6010 train 2.715976 norm 0.1986 lr_muon 2.00e-02 lr_adam 1.20e-03 tok_s 131755 | 6011/19073 (31.5%) | elapsed 6h41m | eta 14h45m
6020 train 2.913429 norm 0.2096 lr_muon 2.00e-02 lr_adam 1.20e-03 tok_s 131470 | 6021/19073 (31.6%) | elapsed 6h42m | eta 14h32m
6030 train 2.615277 norm 0.2776 lr_muon 2.00e-02 lr_adam 1.20e-03 tok_s 131684 | 6031/19073 (31.6%) | elapsed 6h43m | eta 14h27m
6040 train 2.718639 norm 0.1994 lr_muon 2.00e-02 lr_adam 1.20e-03 tok_s 131797 | 6041/19073 (31.7%) | elapsed 6h43m | eta 14h25m
6050 train 2.894712 norm 0.1955 lr_muon 2.00e-02 lr_adam 1.20e-03 tok_s 131735 | 6051/19073 (31.7%) | elapsed 6h44m | eta 14h34m
6060 train 2.763312 norm 0.2120 lr_muon 2.00e-02 lr_adam 1.20e-03 tok_s 131556 | 6061/19073 (31.8%) | elapsed 6h45m | eta 14h27m
6070 train 2.844517 norm 0.2976 lr_muon 2.00e-02 lr_adam 1.20e-03 tok_s 131882 | 6071/19073 (31.8%) | elapsed 6h45m | eta 14h23m
6080 train 2.612122 norm 0.2273 lr_muon 2.00e-02 lr_adam 1.20e-03 tok_s 131252 | 6081/19073 (31.9%) | elapsed 6h46m | eta 14h22m
6090 train 2.676000 norm 0.2152 lr_muon 2.00e-02 lr_adam 1.20e-03 tok_s 131673 | 6091/19073 (31.9%) | elapsed 6h47m | eta 14h21m
6100 train 2.832115 norm 0.2502 lr_muon 2.00e-02 lr_adam 1.20e-03 tok_s 131821 | 6101/19073 (32.0%) | elapsed 6h47m | eta 14h20m
6110 train 2.841542 norm 0.3093 lr_muon 2.00e-02 lr_adam 1.20e-03 tok_s 131797 | 6111/19073 (32.0%) | elapsed 6h48m | eta 14h20m
6120 train 2.895917 norm 0.1961 lr_muon 2.00e-02 lr_adam 1.20e-03 tok_s 131902 | 6121/19073 (32.1%) | elapsed 6h49m | eta 14h19m
6130 train 2.834161 norm 0.2220 lr_muon 2.00e-02 lr_adam 1.20e-03 tok_s 132018 | 6131/19073 (32.1%) | elapsed 6h49m | eta 14h17m
6140 train 2.535121 norm 0.3256 lr_muon 2.00e-02 lr_adam 1.20e-03 tok_s 132058 | 6141/19073 (32.2%) | elapsed 6h50m | eta 14h16m
6150 train 2.803887 norm 0.2618 lr_muon 2.00e-02 lr_adam 1.20e-03 tok_s 132034 | 6151/19073 (32.2%) | elapsed 6h51m | eta 14h15m
6160 train 2.806200 norm 0.2191 lr_muon 2.00e-02 lr_adam 1.20e-03 tok_s 132049 | 6161/19073 (32.3%) | elapsed 6h51m | eta 14h14m
6170 train 3.005368 norm 0.1928 lr_muon 2.00e-02 lr_adam 1.20e-03 tok_s 132085 | 6171/19073 (32.4%) | elapsed 6h52m | eta 14h14m
6180 train 2.760556 norm 0.1915 lr_muon 2.00e-02 lr_adam 1.20e-03 tok_s 131892 | 6181/19073 (32.4%) | elapsed 6h53m | eta 14h13m
6190 train 2.790640 norm 0.2004 lr_muon 2.00e-02 lr_adam 1.20e-03 tok_s 132038 | 6191/19073 (32.5%) | elapsed 6h53m | eta 14h13m
6200 train 2.502040 norm 0.2415 lr_muon 2.00e-02 lr_adam 1.20e-03 tok_s 131777 | 6201/19073 (32.5%) | elapsed 6h54m | eta 14h12m
6210 train 2.864719 norm 0.2480 lr_muon 2.00e-02 lr_adam 1.20e-03 tok_s 131839 | 6211/19073 (32.6%) | elapsed 6h55m | eta 14h11m
6220 train 3.008505 norm 0.2083 lr_muon 2.00e-02 lr_adam 1.20e-03 tok_s 131954 | 6221/19073 (32.6%) | elapsed 6h55m | eta 14h11m
6230 train 2.818868 norm 0.2750 lr_muon 2.00e-02 lr_adam 1.20e-03 tok_s 131817 | 6231/19073 (32.7%) | elapsed 6h56m | eta 14h10m
6240 train 2.829420 norm 0.1615 lr_muon 2.00e-02 lr_adam 1.20e-03 tok_s 131904 | 6241/19073 (32.7%) | elapsed 6h57m | eta 14h10m
6250 val 3.179712
step  6250 | val loss 3.1797
6250 train 2.619846 norm 0.2098 lr_muon 2.00e-02 lr_adam 1.20e-03 tok_s 81429 | 6251/19073 (32.8%) | elapsed 6h57m | eta 15h02m
6260 train 2.542481 norm 0.1971 lr_muon 2.00e-02 lr_adam 1.20e-03 tok_s 131659 | 6261/19073 (32.8%) | elapsed 6h58m | eta 14h27m
6270 train 2.924483 norm 0.1783 lr_muon 2.00e-02 lr_adam 1.20e-03 tok_s 131301 | 6271/19073 (32.9%) | elapsed 6h59m | eta 14h15m
6280 train 2.807138 norm 0.2160 lr_muon 2.00e-02 lr_adam 1.20e-03 tok_s 131728 | 6281/19073 (32.9%) | elapsed 6h59m | eta 14h24m
6290 train 2.800061 norm 0.2070 lr_muon 2.00e-02 lr_adam 1.20e-03 tok_s 131718 | 6291/19073 (33.0%) | elapsed 7h00m | eta 14h13m
6300 train 2.793670 norm 0.2062 lr_muon 2.00e-02 lr_adam 1.20e-03 tok_s 131650 | 6301/19073 (33.0%) | elapsed 7h01m | eta 14h08m
6310 train 2.590451 norm 0.2753 lr_muon 2.00e-02 lr_adam 1.20e-03 tok_s 131647 | 6311/19073 (33.1%) | elapsed 7h01m | eta 14h07m
6320 train 2.989079 norm 0.2501 lr_muon 2.00e-02 lr_adam 1.20e-03 tok_s 131685 | 6321/19073 (33.1%) | elapsed 7h02m | eta 14h06m
6330 train 2.898724 norm 0.2377 lr_muon 2.00e-02 lr_adam 1.20e-03 tok_s 131875 | 6331/19073 (33.2%) | elapsed 7h03m | eta 14h05m
6340 train 2.824405 norm 0.1881 lr_muon 2.00e-02 lr_adam 1.20e-03 tok_s 131773 | 6341/19073 (33.2%) | elapsed 7h03m | eta 14h04m
6350 train 2.768026 norm 0.2202 lr_muon 2.00e-02 lr_adam 1.20e-03 tok_s 131871 | 6351/19073 (33.3%) | elapsed 7h04m | eta 14h03m
6360 train 2.739009 norm 0.1904 lr_muon 2.00e-02 lr_adam 1.20e-03 tok_s 131638 | 6361/19073 (33.4%) | elapsed 7h05m | eta 14h18m
6370 train 2.725885 norm 0.2285 lr_muon 2.00e-02 lr_adam 1.20e-03 tok_s 131660 | 6371/19073 (33.4%) | elapsed 7h05m | eta 14h07m
6380 train 2.601931 norm 0.2338 lr_muon 2.00e-02 lr_adam 1.20e-03 tok_s 131424 | 6381/19073 (33.5%) | elapsed 7h06m | eta 14h04m
6390 train 2.792194 norm 0.2556 lr_muon 2.00e-02 lr_adam 1.20e-03 tok_s 131462 | 6391/19073 (33.5%) | elapsed 7h07m | eta 14h02m
6400 train 2.789842 norm 0.2586 lr_muon 2.00e-02 lr_adam 1.20e-03 tok_s 131679 | 6401/19073 (33.6%) | elapsed 7h07m | eta 14h02m
6410 train 2.751955 norm 0.2102 lr_muon 2.00e-02 lr_adam 1.20e-03 tok_s 131449 | 6411/19073 (33.6%) | elapsed 7h08m | eta 14h01m
6420 train 2.757633 norm 0.2349 lr_muon 2.00e-02 lr_adam 1.20e-03 tok_s 131735 | 6421/19073 (33.7%) | elapsed 7h09m | eta 14h00m
6430 train 2.634871 norm 0.2611 lr_muon 2.00e-02 lr_adam 1.20e-03 tok_s 131335 | 6431/19073 (33.7%) | elapsed 7h09m | eta 13h59m
6440 train 2.811275 norm 0.1842 lr_muon 2.00e-02 lr_adam 1.20e-03 tok_s 131526 | 6441/19073 (33.8%) | elapsed 7h10m | eta 13h58m
6450 train 2.758963 norm 0.2070 lr_muon 2.00e-02 lr_adam 1.20e-03 tok_s 131575 | 6451/19073 (33.8%) | elapsed 7h11m | eta 13h58m
6460 train 2.745065 norm 0.2278 lr_muon 2.00e-02 lr_adam 1.20e-03 tok_s 131531 | 6461/19073 (33.9%) | elapsed 7h11m | eta 13h57m
6470 train 2.889803 norm 0.2399 lr_muon 2.00e-02 lr_adam 1.20e-03 tok_s 131839 | 6471/19073 (33.9%) | elapsed 7h12m | eta 13h56m
6480 train 2.575735 norm 0.2178 lr_muon 2.00e-02 lr_adam 1.20e-03 tok_s 131733 | 6481/19073 (34.0%) | elapsed 7h13m | eta 13h56m
6490 train 2.757447 norm 0.2903 lr_muon 2.00e-02 lr_adam 1.20e-03 tok_s 131622 | 6491/19073 (34.0%) | elapsed 7h13m | eta 13h55m
6500 val 3.161808
step  6500 | val loss 3.1618
6500 train 2.776624 norm 0.2465 lr_muon 2.00e-02 lr_adam 1.20e-03 tok_s 80954 | 6501/19073 (34.1%) | elapsed 7h14m | eta 14h47m
6510 train 2.707206 norm 0.1879 lr_muon 2.00e-02 lr_adam 1.20e-03 tok_s 131713 | 6511/19073 (34.1%) | elapsed 7h15m | eta 14h12m
6520 train 2.889219 norm 0.2147 lr_muon 2.00e-02 lr_adam 1.20e-03 tok_s 131736 | 6521/19073 (34.2%) | elapsed 7h15m | eta 14h07m
6530 train 2.680882 norm 0.2201 lr_muon 2.00e-02 lr_adam 1.20e-03 tok_s 131681 | 6531/19073 (34.2%) | elapsed 7h16m | eta 13h57m
6540 train 2.568359 norm 0.3017 lr_muon 2.00e-02 lr_adam 1.20e-03 tok_s 131692 | 6541/19073 (34.3%) | elapsed 7h17m | eta 13h53m
6550 train 2.817589 norm 0.1922 lr_muon 2.00e-02 lr_adam 1.20e-03 tok_s 131643 | 6551/19073 (34.3%) | elapsed 7h17m | eta 13h52m
6560 train 2.789751 norm 0.3486 lr_muon 2.00e-02 lr_adam 1.20e-03 tok_s 131469 | 6561/19073 (34.4%) | elapsed 7h18m | eta 13h51m
6570 train 2.950248 norm 0.1882 lr_muon 2.00e-02 lr_adam 1.20e-03 tok_s 131636 | 6571/19073 (34.5%) | elapsed 7h19m | eta 13h50m
6580 train 2.725655 norm 0.2062 lr_muon 2.00e-02 lr_adam 1.20e-03 tok_s 131526 | 6581/19073 (34.5%) | elapsed 7h19m | eta 13h49m
6590 train 2.532595 norm 0.2485 lr_muon 2.00e-02 lr_adam 1.20e-03 tok_s 131590 | 6591/19073 (34.6%) | elapsed 7h20m | eta 13h49m
6600 train 2.569393 norm 0.1924 lr_muon 2.00e-02 lr_adam 1.20e-03 tok_s 131446 | 6601/19073 (34.6%) | elapsed 7h21m | eta 13h48m
6610 train 2.775684 norm 0.2667 lr_muon 2.00e-02 lr_adam 1.20e-03 tok_s 131621 | 6611/19073 (34.7%) | elapsed 7h21m | eta 13h48m
6620 train 2.917584 norm 0.2093 lr_muon 2.00e-02 lr_adam 1.20e-03 tok_s 131616 | 6621/19073 (34.7%) | elapsed 7h22m | eta 13h47m
6630 train 2.721920 norm 0.2378 lr_muon 2.00e-02 lr_adam 1.20e-03 tok_s 131614 | 6631/19073 (34.8%) | elapsed 7h23m | eta 13h46m
6640 train 2.705440 norm 0.1744 lr_muon 2.00e-02 lr_adam 1.20e-03 tok_s 131514 | 6641/19073 (34.8%) | elapsed 7h23m | eta 13h45m
6650 train 2.582566 norm 0.2720 lr_muon 2.00e-02 lr_adam 1.20e-03 tok_s 131866 | 6651/19073 (34.9%) | elapsed 7h24m | eta 13h44m
6660 train 2.756471 norm 0.1791 lr_muon 2.00e-02 lr_adam 1.20e-03 tok_s 131585 | 6661/19073 (34.9%) | elapsed 7h25m | eta 13h43m
6670 train 2.909710 norm 0.2501 lr_muon 2.00e-02 lr_adam 1.20e-03 tok_s 131455 | 6671/19073 (35.0%) | elapsed 7h25m | eta 13h43m
6680 train 2.788986 norm 0.2715 lr_muon 2.00e-02 lr_adam 1.20e-03 tok_s 131434 | 6681/19073 (35.0%) | elapsed 7h26m | eta 13h43m
6690 train 2.822012 norm 0.2003 lr_muon 2.00e-02 lr_adam 1.20e-03 tok_s 131240 | 6691/19073 (35.1%) | elapsed 7h27m | eta 13h43m
6700 train 2.634978 norm 0.1836 lr_muon 2.00e-02 lr_adam 1.20e-03 tok_s 131551 | 6701/19073 (35.1%) | elapsed 7h27m | eta 13h42m
6710 train 2.632803 norm 0.2010 lr_muon 2.00e-02 lr_adam 1.20e-03 tok_s 131519 | 6711/19073 (35.2%) | elapsed 7h28m | eta 13h42m
6720 train 2.842870 norm 0.2275 lr_muon 2.00e-02 lr_adam 1.20e-03 tok_s 131111 | 6721/19073 (35.2%) | elapsed 7h29m | eta 13h41m
6730 train 2.792009 norm 0.1750 lr_muon 2.00e-02 lr_adam 1.20e-03 tok_s 131583 | 6731/19073 (35.3%) | elapsed 7h29m | eta 13h40m
6740 train 2.795857 norm 0.1897 lr_muon 2.00e-02 lr_adam 1.20e-03 tok_s 131818 | 6741/19073 (35.3%) | elapsed 7h30m | eta 13h39m
6750 val 3.163484
step  6750 | val loss 3.1635
6750 train 2.805754 norm 0.1904 lr_muon 2.00e-02 lr_adam 1.20e-03 tok_s 84848 | 6751/19073 (35.4%) | elapsed 7h31m | eta 14h30m
6760 train 2.630492 norm 0.2135 lr_muon 2.00e-02 lr_adam 1.20e-03 tok_s 131666 | 6761/19073 (35.4%) | elapsed 7h31m | eta 13h55m
6770 train 2.806113 norm 0.2278 lr_muon 2.00e-02 lr_adam 1.20e-03 tok_s 131233 | 6771/19073 (35.5%) | elapsed 7h32m | eta 13h44m
6780 train 2.842472 norm 0.2241 lr_muon 2.00e-02 lr_adam 1.20e-03 tok_s 131370 | 6781/19073 (35.6%) | elapsed 7h33m | eta 13h39m
6790 train 2.741644 norm 0.2846 lr_muon 2.00e-02 lr_adam 1.20e-03 tok_s 131006 | 6791/19073 (35.6%) | elapsed 7h33m | eta 13h38m
6800 train 2.753700 norm 0.1724 lr_muon 2.00e-02 lr_adam 1.20e-03 tok_s 131257 | 6801/19073 (35.7%) | elapsed 7h34m | eta 13h38m
6810 train 2.728806 norm 0.2372 lr_muon 2.00e-02 lr_adam 1.20e-03 tok_s 131465 | 6811/19073 (35.7%) | elapsed 7h35m | eta 13h36m
6820 train 2.676307 norm 0.2152 lr_muon 2.00e-02 lr_adam 1.20e-03 tok_s 131302 | 6821/19073 (35.8%) | elapsed 7h35m | eta 13h35m
6830 train 2.810577 norm 0.2046 lr_muon 2.00e-02 lr_adam 1.20e-03 tok_s 131508 | 6831/19073 (35.8%) | elapsed 7h36m | eta 13h34m
6840 train 2.845091 norm 0.2679 lr_muon 2.00e-02 lr_adam 1.20e-03 tok_s 131504 | 6841/19073 (35.9%) | elapsed 7h37m | eta 13h33m
6850 train 2.820435 norm 0.2150 lr_muon 2.00e-02 lr_adam 1.20e-03 tok_s 131318 | 6851/19073 (35.9%) | elapsed 7h37m | eta 13h33m
6860 train 2.780436 norm 0.2362 lr_muon 2.00e-02 lr_adam 1.20e-03 tok_s 131578 | 6861/19073 (36.0%) | elapsed 7h38m | eta 13h31m
6870 train 2.704945 norm 0.2161 lr_muon 2.00e-02 lr_adam 1.20e-03 tok_s 131534 | 6871/19073 (36.0%) | elapsed 7h39m | eta 13h30m
6880 train 2.771400 norm 0.2335 lr_muon 2.00e-02 lr_adam 1.20e-03 tok_s 131552 | 6881/19073 (36.1%) | elapsed 7h39m | eta 13h29m
6890 train 2.827759 norm 0.1962 lr_muon 2.00e-02 lr_adam 1.20e-03 tok_s 131683 | 6891/19073 (36.1%) | elapsed 7h40m | eta 13h28m
6900 train 2.813994 norm 0.2167 lr_muon 2.00e-02 lr_adam 1.20e-03 tok_s 131266 | 6901/19073 (36.2%) | elapsed 7h41m | eta 13h28m
6910 train 2.781247 norm 0.2068 lr_muon 2.00e-02 lr_adam 1.20e-03 tok_s 131494 | 6911/19073 (36.2%) | elapsed 7h41m | eta 13h27m
6920 train 2.897152 norm 0.2135 lr_muon 2.00e-02 lr_adam 1.20e-03 tok_s 131891 | 6921/19073 (36.3%) | elapsed 7h42m | eta 13h26m
6930 train 2.494438 norm 0.2390 lr_muon 2.00e-02 lr_adam 1.20e-03 tok_s 131499 | 6931/19073 (36.3%) | elapsed 7h43m | eta 13h26m
6940 train 2.746899 norm 0.2071 lr_muon 2.00e-02 lr_adam 1.20e-03 tok_s 131428 | 6941/19073 (36.4%) | elapsed 7h43m | eta 13h26m
6950 train 2.803546 norm 0.2148 lr_muon 2.00e-02 lr_adam 1.20e-03 tok_s 131423 | 6951/19073 (36.4%) | elapsed 7h44m | eta 13h25m
6960 train 2.759115 norm 0.2569 lr_muon 2.00e-02 lr_adam 1.20e-03 tok_s 131145 | 6961/19073 (36.5%) | elapsed 7h45m | eta 13h25m
6970 train 2.928932 norm 0.2042 lr_muon 2.00e-02 lr_adam 1.20e-03 tok_s 131339 | 6971/19073 (36.5%) | elapsed 7h45m | eta 13h25m
6980 train 2.644085 norm 0.2149 lr_muon 2.00e-02 lr_adam 1.20e-03 tok_s 131316 | 6981/19073 (36.6%) | elapsed 7h46m | eta 13h35m
6990 train 2.507144 norm 0.2134 lr_muon 2.00e-02 lr_adam 1.20e-03 tok_s 131188 | 6991/19073 (36.7%) | elapsed 7h47m | eta 13h28m
7000 val 3.161061
step  7000 | val loss 3.1611
7000 train 2.816461 norm 0.1787 lr_muon 2.00e-02 lr_adam 1.20e-03 tok_s 83767 | 7001/19073 (36.7%) | elapsed 7h47m | eta 14h10m
saved checkpoint -> /workspace/runs/modern_1024x24/checkpoints/ckpt_007000.pt
7010 train 2.801335 norm 0.2351 lr_muon 2.00e-02 lr_adam 1.20e-03 tok_s 131306 | 7011/19073 (36.8%) | elapsed 7h48m | eta 13h38m
7020 train 2.843671 norm 0.1987 lr_muon 2.00e-02 lr_adam 1.20e-03 tok_s 131047 | 7021/19073 (36.8%) | elapsed 7h49m | eta 13h27m
7030 train 2.745918 norm 0.2297 lr_muon 2.00e-02 lr_adam 1.20e-03 tok_s 131378 | 7031/19073 (36.9%) | elapsed 7h50m | eta 13h23m
7040 train 2.568910 norm 0.1708 lr_muon 2.00e-02 lr_adam 1.20e-03 tok_s 131279 | 7041/19073 (36.9%) | elapsed 7h50m | eta 13h21m
7050 train 2.774229 norm 0.2239 lr_muon 2.00e-02 lr_adam 1.20e-03 tok_s 131418 | 7051/19073 (37.0%) | elapsed 7h51m | eta 13h20m
7060 train 2.725106 norm 0.2146 lr_muon 2.00e-02 lr_adam 1.20e-03 tok_s 131449 | 7061/19073 (37.0%) | elapsed 7h52m | eta 13h18m
7070 train 2.914753 norm 0.1756 lr_muon 2.00e-02 lr_adam 1.20e-03 tok_s 131544 | 7071/19073 (37.1%) | elapsed 7h52m | eta 13h17m
7080 train 2.737941 norm 0.1877 lr_muon 2.00e-02 lr_adam 1.20e-03 tok_s 131525 | 7081/19073 (37.1%) | elapsed 7h53m | eta 13h17m
7090 train 2.619524 norm 0.1797 lr_muon 2.00e-02 lr_adam 1.20e-03 tok_s 131604 | 7091/19073 (37.2%) | elapsed 7h54m | eta 13h16m
7100 train 2.556039 norm 0.2487 lr_muon 2.00e-02 lr_adam 1.20e-03 tok_s 131469 | 7101/19073 (37.2%) | elapsed 7h54m | eta 13h16m
7110 train 2.770576 norm 0.2240 lr_muon 2.00e-02 lr_adam 1.20e-03 tok_s 131304 | 7111/19073 (37.3%) | elapsed 7h55m | eta 13h15m
7120 train 2.922928 norm 0.2134 lr_muon 2.00e-02 lr_adam 1.20e-03 tok_s 131494 | 7121/19073 (37.3%) | elapsed 7h56m | eta 13h15m
7130 train 2.782576 norm 0.2698 lr_muon 2.00e-02 lr_adam 1.20e-03 tok_s 131444 | 7131/19073 (37.4%) | elapsed 7h56m | eta 13h13m
7140 train 2.683020 norm 0.2610 lr_muon 2.00e-02 lr_adam 1.20e-03 tok_s 130849 | 7141/19073 (37.4%) | elapsed 7h57m | eta 13h13m
7150 train 2.634882 norm 0.1778 lr_muon 2.00e-02 lr_adam 1.20e-03 tok_s 131191 | 7151/19073 (37.5%) | elapsed 7h58m | eta 13h13m
7160 train 2.664432 norm 0.2013 lr_muon 2.00e-02 lr_adam 1.20e-03 tok_s 131462 | 7161/19073 (37.5%) | elapsed 7h58m | eta 13h12m
7170 train 2.903403 norm 0.1962 lr_muon 2.00e-02 lr_adam 1.20e-03 tok_s 131545 | 7171/19073 (37.6%) | elapsed 7h59m | eta 13h10m
7180 train 2.773346 norm 0.1892 lr_muon 2.00e-02 lr_adam 1.20e-03 tok_s 131555 | 7181/19073 (37.7%) | elapsed 7h59m | eta 13h10m
7190 train 2.694246 norm 0.2148 lr_muon 2.00e-02 lr_adam 1.20e-03 tok_s 131730 | 7191/19073 (37.7%) | elapsed 8h00m | eta 13h09m
7200 train 2.834071 norm 0.2250 lr_muon 2.00e-02 lr_adam 1.20e-03 tok_s 131590 | 7201/19073 (37.8%) | elapsed 8h01m | eta 13h08m
7210 train 2.767905 norm 0.1872 lr_muon 2.00e-02 lr_adam 1.20e-03 tok_s 131660 | 7211/19073 (37.8%) | elapsed 8h02m | eta 13h20m
7220 train 2.976060 norm 0.2327 lr_muon 2.00e-02 lr_adam 1.20e-03 tok_s 131694 | 7221/19073 (37.9%) | elapsed 8h02m | eta 13h11m
7230 train 2.686911 norm 0.1739 lr_muon 2.00e-02 lr_adam 1.20e-03 tok_s 131637 | 7231/19073 (37.9%) | elapsed 8h03m | eta 13h07m
7240 train 2.726714 norm 0.1773 lr_muon 2.00e-02 lr_adam 1.20e-03 tok_s 131402 | 7241/19073 (38.0%) | elapsed 8h03m | eta 13h06m
7250 val 3.146366
step  7250 | val loss 3.1464
7250 train 2.721691 norm 0.1853 lr_muon 2.00e-02 lr_adam 1.20e-03 tok_s 84356 | 7251/19073 (38.0%) | elapsed 8h04m | eta 13h49m
7260 train 2.752938 norm 0.2264 lr_muon 2.00e-02 lr_adam 1.20e-03 tok_s 131281 | 7261/19073 (38.1%) | elapsed 8h05m | eta 13h20m
7270 train 2.892069 norm 0.1809 lr_muon 2.00e-02 lr_adam 1.20e-03 tok_s 131390 | 7271/19073 (38.1%) | elapsed 8h06m | eta 13h09m
7280 train 2.744679 norm 0.1903 lr_muon 2.00e-02 lr_adam 1.20e-03 tok_s 131282 | 7281/19073 (38.2%) | elapsed 8h06m | eta 13h05m
7290 train 2.744124 norm 0.1968 lr_muon 2.00e-02 lr_adam 1.20e-03 tok_s 131399 | 7291/19073 (38.2%) | elapsed 8h07m | eta 13h04m
7300 train 2.796206 norm 0.2390 lr_muon 2.00e-02 lr_adam 1.20e-03 tok_s 131441 | 7301/19073 (38.3%) | elapsed 8h08m | eta 13h03m
7310 train 2.734966 norm 0.1936 lr_muon 2.00e-02 lr_adam 1.20e-03 tok_s 131152 | 7311/19073 (38.3%) | elapsed 8h08m | eta 13h02m
7320 train 2.825788 norm 0.2173 lr_muon 2.00e-02 lr_adam 1.20e-03 tok_s 131541 | 7321/19073 (38.4%) | elapsed 8h09m | eta 13h00m
7330 train 2.835975 norm 0.2584 lr_muon 2.00e-02 lr_adam 1.20e-03 tok_s 131409 | 7331/19073 (38.4%) | elapsed 8h10m | eta 13h00m
7340 train 2.777586 norm 0.2050 lr_muon 2.00e-02 lr_adam 1.20e-03 tok_s 131537 | 7341/19073 (38.5%) | elapsed 8h10m | eta 12h59m
7350 train 2.732166 norm 0.1754 lr_muon 2.00e-02 lr_adam 1.20e-03 tok_s 131574 | 7351/19073 (38.5%) | elapsed 8h11m | eta 12h59m
7360 train 2.675209 norm 0.1692 lr_muon 2.00e-02 lr_adam 1.20e-03 tok_s 131477 | 7361/19073 (38.6%) | elapsed 8h12m | eta 12h58m
7370 train 2.895592 norm 0.2141 lr_muon 2.00e-02 lr_adam 1.20e-03 tok_s 131362 | 7371/19073 (38.6%) | elapsed 8h12m | eta 12h57m
7380 train 2.847811 norm 0.2160 lr_muon 2.00e-02 lr_adam 1.20e-03 tok_s 131320 | 7381/19073 (38.7%) | elapsed 8h13m | eta 12h57m
7390 train 2.833846 norm 0.2198 lr_muon 2.00e-02 lr_adam 1.20e-03 tok_s 131429 | 7391/19073 (38.8%) | elapsed 8h14m | eta 12h56m
7400 train 2.774733 norm 0.2468 lr_muon 2.00e-02 lr_adam 1.20e-03 tok_s 131281 | 7401/19073 (38.8%) | elapsed 8h14m | eta 12h56m
7410 train 2.735737 norm 0.1884 lr_muon 2.00e-02 lr_adam 1.20e-03 tok_s 131390 | 7411/19073 (38.9%) | elapsed 8h15m | eta 12h55m
7420 train 2.916158 norm 0.2432 lr_muon 2.00e-02 lr_adam 1.20e-03 tok_s 131413 | 7421/19073 (38.9%) | elapsed 8h16m | eta 13h03m
7430 train 2.741987 norm 0.1849 lr_muon 2.00e-02 lr_adam 1.20e-03 tok_s 131356 | 7431/19073 (39.0%) | elapsed 8h16m | eta 12h57m
7440 train 2.725334 norm 0.1867 lr_muon 2.00e-02 lr_adam 1.20e-03 tok_s 131382 | 7441/19073 (39.0%) | elapsed 8h17m | eta 12h53m
7450 train 2.722875 norm 0.2321 lr_muon 2.00e-02 lr_adam 1.20e-03 tok_s 131599 | 7451/19073 (39.1%) | elapsed 8h18m | eta 12h58m
7460 train 2.767727 norm 0.2144 lr_muon 2.00e-02 lr_adam 1.20e-03 tok_s 131479 | 7461/19073 (39.1%) | elapsed 8h18m | eta 12h54m
7470 train 2.979038 norm 0.2039 lr_muon 2.00e-02 lr_adam 1.20e-03 tok_s 131545 | 7471/19073 (39.2%) | elapsed 8h19m | eta 12h51m
7480 train 2.711629 norm 0.1850 lr_muon 2.00e-02 lr_adam 1.20e-03 tok_s 131608 | 7481/19073 (39.2%) | elapsed 8h20m | eta 12h50m
7490 train 2.702611 norm 0.2023 lr_muon 2.00e-02 lr_adam 1.20e-03 tok_s 131327 | 7491/19073 (39.3%) | elapsed 8h20m | eta 12h49m
7500 val 3.141258
step  7500 | val loss 3.1413
7500 train 2.761997 norm 0.2044 lr_muon 2.00e-02 lr_adam 1.20e-03 tok_s 83449 | 7501/19073 (39.3%) | elapsed 8h21m | eta 13h33m
7510 train 2.752990 norm 0.1962 lr_muon 2.00e-02 lr_adam 1.20e-03 tok_s 131751 | 7511/19073 (39.4%) | elapsed 8h22m | eta 13h03m
7520 train 2.863961 norm 0.1962 lr_muon 2.00e-02 lr_adam 1.20e-03 tok_s 131373 | 7521/19073 (39.4%) | elapsed 8h22m | eta 12h52m
7530 train 2.837559 norm 0.3889 lr_muon 2.00e-02 lr_adam 1.20e-03 tok_s 131343 | 7531/19073 (39.5%) | elapsed 8h23m | eta 12h48m
7540 train 2.735562 norm 0.1894 lr_muon 2.00e-02 lr_adam 1.20e-03 tok_s 131748 | 7541/19073 (39.5%) | elapsed 8h24m | eta 12h46m
7550 train 2.742154 norm 0.1941 lr_muon 2.00e-02 lr_adam 1.20e-03 tok_s 131254 | 7551/19073 (39.6%) | elapsed 8h24m | eta 12h45m
7560 train 2.705048 norm 0.2581 lr_muon 2.00e-02 lr_adam 1.20e-03 tok_s 131386 | 7561/19073 (39.6%) | elapsed 8h25m | eta 12h45m
7570 train 2.899640 norm 0.2163 lr_muon 2.00e-02 lr_adam 1.20e-03 tok_s 131542 | 7571/19073 (39.7%) | elapsed 8h26m | eta 12h45m
7580 train 2.734018 norm 0.2303 lr_muon 2.00e-02 lr_adam 1.20e-03 tok_s 131444 | 7581/19073 (39.7%) | elapsed 8h26m | eta 12h44m
7590 train 2.720068 norm 0.2195 lr_muon 2.00e-02 lr_adam 1.20e-03 tok_s 131102 | 7591/19073 (39.8%) | elapsed 8h27m | eta 12h43m
7600 train 2.749142 norm 0.1732 lr_muon 2.00e-02 lr_adam 1.20e-03 tok_s 131679 | 7601/19073 (39.9%) | elapsed 8h28m | eta 12h42m
7610 train 2.707669 norm 0.1726 lr_muon 2.00e-02 lr_adam 1.20e-03 tok_s 131330 | 7611/19073 (39.9%) | elapsed 8h28m | eta 12h42m
7620 train 2.860477 norm 0.2378 lr_muon 2.00e-02 lr_adam 1.20e-03 tok_s 131277 | 7621/19073 (40.0%) | elapsed 8h29m | eta 12h42m
7630 train 2.778743 norm 0.2954 lr_muon 2.00e-02 lr_adam 1.20e-03 tok_s 131426 | 7631/19073 (40.0%) | elapsed 8h30m | eta 12h41m
7640 train 2.740101 norm 0.2132 lr_muon 2.00e-02 lr_adam 1.20e-03 tok_s 131622 | 7641/19073 (40.1%) | elapsed 8h30m | eta 12h40m
7650 train 2.666455 norm 0.1888 lr_muon 2.00e-02 lr_adam 1.20e-03 tok_s 131533 | 7651/19073 (40.1%) | elapsed 8h31m | eta 12h39m
7660 train 2.810070 norm 0.1821 lr_muon 2.00e-02 lr_adam 1.20e-03 tok_s 131467 | 7661/19073 (40.2%) | elapsed 8h32m | eta 12h38m
7670 train 2.910162 norm 0.2214 lr_muon 2.00e-02 lr_adam 1.20e-03 tok_s 131507 | 7671/19073 (40.2%) | elapsed 8h32m | eta 12h37m
7680 train 2.801534 norm 0.2130 lr_muon 2.00e-02 lr_adam 1.20e-03 tok_s 131419 | 7681/19073 (40.3%) | elapsed 8h33m | eta 12h43m
7690 train 2.720614 norm 0.2400 lr_muon 2.00e-02 lr_adam 1.20e-03 tok_s 131506 | 7691/19073 (40.3%) | elapsed 8h34m | eta 12h39m
7700 train 2.737137 norm 0.1692 lr_muon 2.00e-02 lr_adam 1.20e-03 tok_s 131262 | 7701/19073 (40.4%) | elapsed 8h34m | eta 12h37m
7710 train 2.731702 norm 0.2088 lr_muon 2.00e-02 lr_adam 1.20e-03 tok_s 131315 | 7711/19073 (40.4%) | elapsed 8h35m | eta 12h35m
7720 train 2.909508 norm 0.1954 lr_muon 2.00e-02 lr_adam 1.20e-03 tok_s 131472 | 7721/19073 (40.5%) | elapsed 8h36m | eta 12h34m
7730 train 2.737696 norm 0.1893 lr_muon 2.00e-02 lr_adam 1.20e-03 tok_s 131427 | 7731/19073 (40.5%) | elapsed 8h36m | eta 12h34m
7740 train 2.750016 norm 0.1943 lr_muon 2.00e-02 lr_adam 1.20e-03 tok_s 131456 | 7741/19073 (40.6%) | elapsed 8h37m | eta 12h33m
7750 val 3.136478
step  7750 | val loss 3.1365
7750 train 2.737933 norm 0.1702 lr_muon 2.00e-02 lr_adam 1.20e-03 tok_s 86429 | 7751/19073 (40.6%) | elapsed 8h38m | eta 13h12m
7760 train 2.815989 norm 0.2104 lr_muon 2.00e-02 lr_adam 1.20e-03 tok_s 131262 | 7761/19073 (40.7%) | elapsed 8h38m | eta 12h46m
7770 train 2.930310 norm 0.2323 lr_muon 2.00e-02 lr_adam 1.20e-03 tok_s 131338 | 7771/19073 (40.7%) | elapsed 8h39m | eta 12h36m
7780 train 2.743366 norm 0.1904 lr_muon 2.00e-02 lr_adam 1.20e-03 tok_s 131438 | 7781/19073 (40.8%) | elapsed 8h40m | eta 12h33m
7790 train 2.731211 norm 0.1835 lr_muon 2.00e-02 lr_adam 1.20e-03 tok_s 131211 | 7791/19073 (40.8%) | elapsed 8h40m | eta 12h31m
7800 train 2.802405 norm 0.1888 lr_muon 2.00e-02 lr_adam 1.20e-03 tok_s 131126 | 7801/19073 (40.9%) | elapsed 8h41m | eta 12h30m
7810 train 2.758295 norm 0.1731 lr_muon 2.00e-02 lr_adam 1.20e-03 tok_s 131269 | 7811/19073 (41.0%) | elapsed 8h42m | eta 12h29m
7820 train 2.871910 norm 0.2700 lr_muon 2.00e-02 lr_adam 1.20e-03 tok_s 131445 | 7821/19073 (41.0%) | elapsed 8h42m | eta 12h28m
7830 train 2.841565 norm 0.2246 lr_muon 2.00e-02 lr_adam 1.20e-03 tok_s 131206 | 7831/19073 (41.1%) | elapsed 8h43m | eta 12h28m
7840 train 2.746850 norm 0.2078 lr_muon 2.00e-02 lr_adam 1.20e-03 tok_s 131120 | 7841/19073 (41.1%) | elapsed 8h44m | eta 12h27m
7850 train 2.782882 norm 0.2115 lr_muon 2.00e-02 lr_adam 1.20e-03 tok_s 131185 | 7851/19073 (41.2%) | elapsed 8h44m | eta 12h27m
7860 train 2.686140 norm 0.1848 lr_muon 2.00e-02 lr_adam 1.20e-03 tok_s 131421 | 7861/19073 (41.2%) | elapsed 8h45m | eta 12h25m
7870 train 2.864308 norm 0.2027 lr_muon 2.00e-02 lr_adam 1.20e-03 tok_s 131363 | 7871/19073 (41.3%) | elapsed 8h46m | eta 12h25m
7880 train 2.756773 norm 0.2512 lr_muon 2.00e-02 lr_adam 1.20e-03 tok_s 130845 | 7881/19073 (41.3%) | elapsed 8h46m | eta 12h24m
7890 train 3.652444 norm 0.4498 lr_muon 2.00e-02 lr_adam 1.20e-03 tok_s 131527 | 7891/19073 (41.4%) | elapsed 8h47m | eta 12h23m
7900 train 2.746999 norm 0.1671 lr_muon 2.00e-02 lr_adam 1.20e-03 tok_s 131340 | 7901/19073 (41.4%) | elapsed 8h48m | eta 12h23m
7910 train 2.755682 norm 0.2138 lr_muon 2.00e-02 lr_adam 1.20e-03 tok_s 131472 | 7911/19073 (41.5%) | elapsed 8h48m | eta 12h32m
7920 train 2.838792 norm 0.1729 lr_muon 2.00e-02 lr_adam 1.20e-03 tok_s 131380 | 7921/19073 (41.5%) | elapsed 8h49m | eta 12h25m
7930 train 2.810762 norm 0.2443 lr_muon 2.00e-02 lr_adam 1.20e-03 tok_s 131141 | 7931/19073 (41.6%) | elapsed 8h50m | eta 12h22m
7940 train 2.757837 norm 0.2533 lr_muon 2.00e-02 lr_adam 1.20e-03 tok_s 131183 | 7941/19073 (41.6%) | elapsed 8h50m | eta 12h21m
7950 train 2.705330 norm 0.1878 lr_muon 2.00e-02 lr_adam 1.20e-03 tok_s 131416 | 7951/19073 (41.7%) | elapsed 8h51m | eta 12h20m
7960 train 2.767632 norm 0.2009 lr_muon 2.00e-02 lr_adam 1.20e-03 tok_s 131286 | 7961/19073 (41.7%) | elapsed 8h52m | eta 12h19m
7970 train 2.813580 norm 0.1921 lr_muon 2.00e-02 lr_adam 1.20e-03 tok_s 131353 | 7971/19073 (41.8%) | elapsed 8h52m | eta 12h18m
7980 train 2.739231 norm 0.2545 lr_muon 2.00e-02 lr_adam 1.20e-03 tok_s 131304 | 7981/19073 (41.8%) | elapsed 8h53m | eta 12h18m
7990 train 2.759145 norm 0.2177 lr_muon 2.00e-02 lr_adam 1.20e-03 tok_s 131520 | 7991/19073 (41.9%) | elapsed 8h54m | eta 12h17m
8000 val 3.135005
step  8000 | val loss 3.1350
8000 train 2.778998 norm 0.1750 lr_muon 2.00e-02 lr_adam 1.20e-03 tok_s 80220 | 8001/19073 (41.9%) | elapsed 8h54m | eta 13h03m
--- samples @ step 8000 ---
[sample 0] " mocked 1541; Shakespeare's imperfections\nAdvice: Test this on students own learning tasks, observe/Memorize.\nHome: Free 1.0\nOnline Safety: Home e-Safety Tips\nLanguage Matters: Print in Times\nHow Much Does it Cost?\nShakespeare"
[sample 1] ' death 1 Aug, 2012<|endoftext|>4 Historic Places With Top Historical Values\nJews and Christians\n"Shroße\'s Laws, the World\'s Treaties" Showcase\nSixty-one-year-old, Jewish Museum\nSolar Spring, for $480, is the world\'s largest prehistoric'
saved checkpoint -> /workspace/runs/modern_1024x24/checkpoints/ckpt_008000.pt
8010 train 2.714600 norm 0.2145 lr_muon 2.00e-02 lr_adam 1.20e-03 tok_s 131382 | 8011/19073 (42.0%) | elapsed 8h55m | eta 12h31m
8020 train 2.928049 norm 0.2232 lr_muon 2.00e-02 lr_adam 1.20e-03 tok_s 131147 | 8021/19073 (42.1%) | elapsed 8h56m | eta 12h20m
8030 train 2.755087 norm 0.2193 lr_muon 2.00e-02 lr_adam 1.20e-03 tok_s 131225 | 8031/19073 (42.1%) | elapsed 8h56m | eta 12h16m
8040 train 2.745874 norm 0.1903 lr_muon 2.00e-02 lr_adam 1.20e-03 tok_s 131268 | 8041/19073 (42.2%) | elapsed 8h57m | eta 12h15m
8050 train 2.782556 norm 0.2185 lr_muon 2.00e-02 lr_adam 1.20e-03 tok_s 131256 | 8051/19073 (42.2%) | elapsed 8h58m | eta 12h14m
8060 train 2.776700 norm 0.1748 lr_muon 2.00e-02 lr_adam 1.20e-03 tok_s 131399 | 8061/19073 (42.3%) | elapsed 8h58m | eta 12h12m
8070 train 2.935219 norm 0.2264 lr_muon 2.00e-02 lr_adam 1.20e-03 tok_s 131453 | 8071/19073 (42.3%) | elapsed 8h59m | eta 12h12m
8080 train 2.778502 norm 0.2029 lr_muon 2.00e-02 lr_adam 1.20e-03 tok_s 131345 | 8081/19073 (42.4%) | elapsed 9h00m | eta 12h11m
8090 train 2.782858 norm 0.1859 lr_muon 2.00e-02 lr_adam 1.20e-03 tok_s 131338 | 8091/19073 (42.4%) | elapsed 9h00m | eta 12h10m
8100 train 2.747702 norm 0.2027 lr_muon 2.00e-02 lr_adam 1.20e-03 tok_s 131364 | 8101/19073 (42.5%) | elapsed 9h01m | eta 12h09m
8110 train 2.770243 norm 0.2050 lr_muon 2.00e-02 lr_adam 1.20e-03 tok_s 131335 | 8111/19073 (42.5%) | elapsed 9h02m | eta 12h09m
8120 train 2.914436 norm 0.2210 lr_muon 2.00e-02 lr_adam 1.20e-03 tok_s 130989 | 8121/19073 (42.6%) | elapsed 9h02m | eta 12h09m
8130 train 2.905004 norm 0.3598 lr_muon 2.00e-02 lr_adam 1.20e-03 tok_s 130779 | 8131/19073 (42.6%) | elapsed 9h03m | eta 12h09m
8140 train 2.766814 norm 0.1930 lr_muon 2.00e-02 lr_adam 1.20e-03 tok_s 131375 | 8141/19073 (42.7%) | elapsed 9h04m | eta 12h22m
8150 train 2.755058 norm 0.1936 lr_muon 2.00e-02 lr_adam 1.20e-03 tok_s 131118 | 8151/19073 (42.7%) | elapsed 9h04m | eta 12h12m
8160 train 2.633854 norm 0.1591 lr_muon 2.00e-02 lr_adam 1.20e-03 tok_s 130765 | 8161/19073 (42.8%) | elapsed 9h05m | eta 12h08m
8170 train 2.776369 norm 0.1711 lr_muon 2.00e-02 lr_adam 1.20e-03 tok_s 131211 | 8171/19073 (42.8%) | elapsed 9h06m | eta 12h06m
8180 train 2.821342 norm 0.1798 lr_muon 2.00e-02 lr_adam 1.20e-03 tok_s 131263 | 8181/19073 (42.9%) | elapsed 9h06m | eta 12h05m
8190 train 2.663237 norm 0.2086 lr_muon 2.00e-02 lr_adam 1.20e-03 tok_s 130902 | 8191/19073 (42.9%) | elapsed 9h07m | eta 12h04m
8200 train 2.760358 norm 0.1886 lr_muon 2.00e-02 lr_adam 1.20e-03 tok_s 131323 | 8201/19073 (43.0%) | elapsed 9h08m | eta 12h03m
8210 train 2.839431 norm 0.2428 lr_muon 2.00e-02 lr_adam 1.20e-03 tok_s 130934 | 8211/19073 (43.1%) | elapsed 9h08m | eta 12h03m
8220 train 2.880574 norm 0.1729 lr_muon 2.00e-02 lr_adam 1.20e-03 tok_s 131218 | 8221/19073 (43.1%) | elapsed 9h09m | eta 12h02m
8230 train 2.733604 norm 0.2243 lr_muon 2.00e-02 lr_adam 1.20e-03 tok_s 131139 | 8231/19073 (43.2%) | elapsed 9h10m | eta 12h01m
8240 train 2.690574 norm 0.1719 lr_muon 2.00e-02 lr_adam 1.20e-03 tok_s 131238 | 8241/19073 (43.2%) | elapsed 9h10m | eta 12h01m
8250 val 3.135916
step  8250 | val loss 3.1359
8250 train 2.712049 norm 0.2200 lr_muon 2.00e-02 lr_adam 1.20e-03 tok_s 81598 | 8251/19073 (43.3%) | elapsed 9h11m | eta 12h44m
8260 train 2.782895 norm 0.1941 lr_muon 2.00e-02 lr_adam 1.20e-03 tok_s 131079 | 8261/19073 (43.3%) | elapsed 9h12m | eta 12h14m
8270 train 2.880240 norm 0.2007 lr_muon 2.00e-02 lr_adam 1.20e-03 tok_s 131251 | 8271/19073 (43.4%) | elapsed 9h13m | eta 12h04m
8280 train 2.704211 norm 0.1848 lr_muon 2.00e-02 lr_adam 1.20e-03 tok_s 131131 | 8281/19073 (43.4%) | elapsed 9h13m | eta 12h00m
8290 train 2.712238 norm 0.1893 lr_muon 2.00e-02 lr_adam 1.20e-03 tok_s 131056 | 8291/19073 (43.5%) | elapsed 9h14m | eta 11h58m
8300 train 2.833661 norm 0.2508 lr_muon 2.00e-02 lr_adam 1.20e-03 tok_s 131152 | 8301/19073 (43.5%) | elapsed 9h15m | eta 11h57m
8310 train 2.716574 norm 0.2320 lr_muon 2.00e-02 lr_adam 1.20e-03 tok_s 131339 | 8311/19073 (43.6%) | elapsed 9h15m | eta 11h56m
8320 train 2.779868 norm 0.1766 lr_muon 2.00e-02 lr_adam 1.20e-03 tok_s 131448 | 8321/19073 (43.6%) | elapsed 9h16m | eta 11h55m
8330 train 2.730905 norm 0.1971 lr_muon 2.00e-02 lr_adam 1.20e-03 tok_s 131380 | 8331/19073 (43.7%) | elapsed 9h17m | eta 11h54m
8340 train 2.765113 norm 0.2135 lr_muon 2.00e-02 lr_adam 1.20e-03 tok_s 131407 | 8341/19073 (43.7%) | elapsed 9h17m | eta 11h54m
8350 train 2.804867 norm 0.1642 lr_muon 2.00e-02 lr_adam 1.20e-03 tok_s 131247 | 8351/19073 (43.8%) | elapsed 9h18m | eta 11h53m
8360 train 2.852310 norm 0.3396 lr_muon 2.00e-02 lr_adam 1.20e-03 tok_s 131432 | 8361/19073 (43.8%) | elapsed 9h19m | eta 11h53m
8370 train 2.857332 norm 0.1919 lr_muon 2.00e-02 lr_adam 1.20e-03 tok_s 131142 | 8371/19073 (43.9%) | elapsed 9h19m | eta 11h52m
8380 train 2.808821 norm 0.2688 lr_muon 2.00e-02 lr_adam 1.20e-03 tok_s 131255 | 8381/19073 (43.9%) | elapsed 9h20m | eta 11h57m
8390 train 2.727766 norm 0.2085 lr_muon 2.00e-02 lr_adam 1.20e-03 tok_s 131498 | 8391/19073 (44.0%) | elapsed 9h21m | eta 11h52m
8400 train 2.758253 norm 0.2502 lr_muon 2.00e-02 lr_adam 1.20e-03 tok_s 130937 | 8401/19073 (44.0%) | elapsed 9h21m | eta 11h51m
8410 train 2.726202 norm 0.2163 lr_muon 2.00e-02 lr_adam 1.20e-03 tok_s 131286 | 8411/19073 (44.1%) | elapsed 9h22m | eta 11h49m
8420 train 2.860671 norm 0.2158 lr_muon 2.00e-02 lr_adam 1.20e-03 tok_s 131356 | 8421/19073 (44.2%) | elapsed 9h23m | eta 11h48m
8430 train 2.767350 norm 0.1970 lr_muon 2.00e-02 lr_adam 1.20e-03 tok_s 131073 | 8431/19073 (44.2%) | elapsed 9h23m | eta 11h48m
8440 train 2.791610 norm 0.2259 lr_muon 2.00e-02 lr_adam 1.20e-03 tok_s 130888 | 8441/19073 (44.3%) | elapsed 9h24m | eta 11h47m
8450 train 2.715909 norm 0.2168 lr_muon 2.00e-02 lr_adam 1.20e-03 tok_s 131377 | 8451/19073 (44.3%) | elapsed 9h25m | eta 11h47m
8460 train 2.768944 norm 0.2119 lr_muon 2.00e-02 lr_adam 1.20e-03 tok_s 131563 | 8461/19073 (44.4%) | elapsed 9h25m | eta 11h45m
8470 train 2.958276 norm 0.1856 lr_muon 2.00e-02 lr_adam 1.20e-03 tok_s 131465 | 8471/19073 (44.4%) | elapsed 9h26m | eta 11h45m
8480 train 2.737138 norm 0.1992 lr_muon 2.00e-02 lr_adam 1.20e-03 tok_s 131665 | 8481/19073 (44.5%) | elapsed 9h27m | eta 11h55m
8490 train 2.746119 norm 0.1843 lr_muon 2.00e-02 lr_adam 1.20e-03 tok_s 131233 | 8491/19073 (44.5%) | elapsed 9h27m | eta 11h47m
8500 val 3.132297
step  8500 | val loss 3.1323
8500 train 2.755273 norm 0.1737 lr_muon 2.00e-02 lr_adam 1.20e-03 tok_s 82500 | 8501/19073 (44.6%) | elapsed 9h28m | eta 12h26m
8510 train 2.776963 norm 0.2179 lr_muon 2.00e-02 lr_adam 1.20e-03 tok_s 131246 | 8511/19073 (44.6%) | elapsed 9h29m | eta 11h57m
8520 train 2.770082 norm 0.2085 lr_muon 2.00e-02 lr_adam 1.20e-03 tok_s 131394 | 8521/19073 (44.7%) | elapsed 9h29m | eta 11h46m
8530 train 2.752739 norm 0.1914 lr_muon 2.00e-02 lr_adam 1.20e-03 tok_s 131469 | 8531/19073 (44.7%) | elapsed 9h30m | eta 11h42m
8540 train 2.773267 norm 0.1751 lr_muon 2.00e-02 lr_adam 1.20e-03 tok_s 131432 | 8541/19073 (44.8%) | elapsed 9h31m | eta 11h41m
8550 train 2.761769 norm 0.1888 lr_muon 2.00e-02 lr_adam 1.20e-03 tok_s 131346 | 8551/19073 (44.8%) | elapsed 9h31m | eta 11h40m
8560 train 2.738907 norm 0.1914 lr_muon 2.00e-02 lr_adam 1.20e-03 tok_s 131496 | 8561/19073 (44.9%) | elapsed 9h32m | eta 11h38m
8570 train 2.816841 norm 0.2283 lr_muon 2.00e-02 lr_adam 1.20e-03 tok_s 131356 | 8571/19073 (44.9%) | elapsed 9h33m | eta 11h38m
8580 train 2.564342 norm 0.1852 lr_muon 2.00e-02 lr_adam 1.20e-03 tok_s 131681 | 8581/19073 (45.0%) | elapsed 9h33m | eta 11h37m
8590 train 2.834879 norm 0.2984 lr_muon 2.00e-02 lr_adam 1.20e-03 tok_s 131842 | 8591/19073 (45.0%) | elapsed 9h34m | eta 11h36m
8600 train 2.734217 norm 0.2136 lr_muon 2.00e-02 lr_adam 1.20e-03 tok_s 131661 | 8601/19073 (45.1%) | elapsed 9h35m | eta 11h35m
8610 train 2.779430 norm 0.2223 lr_muon 2.00e-02 lr_adam 1.20e-03 tok_s 131757 | 8611/19073 (45.1%) | elapsed 9h35m | eta 11h42m
8620 train 2.854020 norm 0.2088 lr_muon 2.00e-02 lr_adam 1.20e-03 tok_s 131542 | 8621/19073 (45.2%) | elapsed 9h36m | eta 11h36m
8630 train 2.801588 norm 0.1933 lr_muon 2.00e-02 lr_adam 1.20e-03 tok_s 131438 | 8631/19073 (45.3%) | elapsed 9h37m | eta 11h34m
8640 train 2.718098 norm 0.1863 lr_muon 2.00e-02 lr_adam 1.20e-03 tok_s 130985 | 8641/19073 (45.3%) | elapsed 9h37m | eta 11h33m
8650 train 2.803131 norm 0.2092 lr_muon 2.00e-02 lr_adam 1.20e-03 tok_s 131466 | 8651/19073 (45.4%) | elapsed 9h38m | eta 11h33m
8660 train 2.757120 norm 0.2630 lr_muon 2.00e-02 lr_adam 1.20e-03 tok_s 131232 | 8661/19073 (45.4%) | elapsed 9h39m | eta 11h32m
8670 train 2.931313 norm 0.2641 lr_muon 2.00e-02 lr_adam 1.20e-03 tok_s 131205 | 8671/19073 (45.5%) | elapsed 9h39m | eta 11h32m
8680 train 2.771129 norm 0.2257 lr_muon 2.00e-02 lr_adam 1.20e-03 tok_s 131322 | 8681/19073 (45.5%) | elapsed 9h40m | eta 11h31m
8690 train 2.722285 norm 0.2156 lr_muon 2.00e-02 lr_adam 1.20e-03 tok_s 131304 | 8691/19073 (45.6%) | elapsed 9h41m | eta 11h30m
8700 train 2.735315 norm 0.1969 lr_muon 2.00e-02 lr_adam 1.20e-03 tok_s 131592 | 8701/19073 (45.6%) | elapsed 9h41m | eta 11h29m
8710 train 2.703202 norm 0.1852 lr_muon 2.00e-02 lr_adam 1.20e-03 tok_s 131780 | 8711/19073 (45.7%) | elapsed 9h42m | eta 11h28m
8720 train 2.901747 norm 0.2112 lr_muon 2.00e-02 lr_adam 1.20e-03 tok_s 131392 | 8721/19073 (45.7%) | elapsed 9h43m | eta 11h28m
8730 train 2.767168 norm 0.1806 lr_muon 2.00e-02 lr_adam 1.20e-03 tok_s 131433 | 8731/19073 (45.8%) | elapsed 9h43m | eta 11h27m
8740 train 2.683200 norm 0.1910 lr_muon 2.00e-02 lr_adam 1.20e-03 tok_s 131366 | 8741/19073 (45.8%) | elapsed 9h44m | eta 11h27m
8750 val 3.144057
step  8750 | val loss 3.1441
8750 train 2.749182 norm 0.2057 lr_muon 2.00e-02 lr_adam 1.20e-03 tok_s 80584 | 8751/19073 (45.9%) | elapsed 9h45m | eta 12h09m
8760 train 2.783913 norm 0.1872 lr_muon 2.00e-02 lr_adam 1.20e-03 tok_s 131103 | 8761/19073 (45.9%) | elapsed 9h45m | eta 11h41m
8770 train 2.928889 norm 0.1807 lr_muon 2.00e-02 lr_adam 1.20e-03 tok_s 131217 | 8771/19073 (46.0%) | elapsed 9h46m | eta 11h30m
8780 train 2.768540 norm 0.2221 lr_muon 2.00e-02 lr_adam 1.20e-03 tok_s 131333 | 8781/19073 (46.0%) | elapsed 9h47m | eta 11h26m
8790 train 2.671413 norm 0.1840 lr_muon 2.00e-02 lr_adam 1.20e-03 tok_s 131224 | 8791/19073 (46.1%) | elapsed 9h47m | eta 11h24m
8800 train 2.688824 norm 0.2109 lr_muon 2.00e-02 lr_adam 1.20e-03 tok_s 131158 | 8801/19073 (46.1%) | elapsed 9h48m | eta 11h23m
8810 train 2.718169 norm 0.2333 lr_muon 2.00e-02 lr_adam 1.20e-03 tok_s 131455 | 8811/19073 (46.2%) | elapsed 9h49m | eta 11h22m
8820 train 2.981102 norm 0.2446 lr_muon 2.00e-02 lr_adam 1.20e-03 tok_s 131410 | 8821/19073 (46.2%) | elapsed 9h49m | eta 11h22m
8830 train 2.760333 norm 0.2102 lr_muon 2.00e-02 lr_adam 1.20e-03 tok_s 131563 | 8831/19073 (46.3%) | elapsed 9h50m | eta 11h20m
8840 train 2.774464 norm 0.2316 lr_muon 2.00e-02 lr_adam 1.20e-03 tok_s 131607 | 8841/19073 (46.4%) | elapsed 9h51m | eta 11h27m
8850 train 2.727036 norm 0.1914 lr_muon 2.00e-02 lr_adam 1.20e-03 tok_s 131743 | 8851/19073 (46.4%) | elapsed 9h51m | eta 11h21m
8860 train 2.819046 norm 0.2513 lr_muon 2.00e-02 lr_adam 1.20e-03 tok_s 131595 | 8861/19073 (46.5%) | elapsed 9h52m | eta 11h18m
8870 train 2.797023 norm 0.1944 lr_muon 2.00e-02 lr_adam 1.20e-03 tok_s 131480 | 8871/19073 (46.5%) | elapsed 9h53m | eta 11h17m
8880 train 2.718752 norm 0.1896 lr_muon 2.00e-02 lr_adam 1.20e-03 tok_s 131703 | 8881/19073 (46.6%) | elapsed 9h53m | eta 11h16m
8890 train 2.730635 norm 0.1733 lr_muon 2.00e-02 lr_adam 1.20e-03 tok_s 131445 | 8891/19073 (46.6%) | elapsed 9h54m | eta 11h15m
8900 train 2.762946 norm 0.2161 lr_muon 2.00e-02 lr_adam 1.20e-03 tok_s 131939 | 8901/19073 (46.7%) | elapsed 9h55m | eta 11h15m
8910 train 2.744919 norm 0.1999 lr_muon 2.00e-02 lr_adam 1.20e-03 tok_s 131449 | 8911/19073 (46.7%) | elapsed 9h55m | eta 11h14m
8920 train 2.886631 norm 0.2030 lr_muon 2.00e-02 lr_adam 1.20e-03 tok_s 131324 | 8921/19073 (46.8%) | elapsed 9h56m | eta 11h14m
8930 train 2.724063 norm 0.2120 lr_muon 2.00e-02 lr_adam 1.20e-03 tok_s 131444 | 8931/19073 (46.8%) | elapsed 9h57m | eta 11h13m
8940 train 2.782420 norm 0.2199 lr_muon 2.00e-02 lr_adam 1.20e-03 tok_s 131480 | 8941/19073 (46.9%) | elapsed 9h57m | eta 11h12m
8950 train 2.714217 norm 0.1831 lr_muon 2.00e-02 lr_adam 1.20e-03 tok_s 131488 | 8951/19073 (46.9%) | elapsed 9h58m | eta 11h12m
8960 train 2.777113 norm 0.1925 lr_muon 2.00e-02 lr_adam 1.20e-03 tok_s 131479 | 8961/19073 (47.0%) | elapsed 9h59m | eta 11h11m
8970 train 2.863498 norm 0.2038 lr_muon 2.00e-02 lr_adam 1.20e-03 tok_s 131604 | 8971/19073 (47.0%) | elapsed 9h59m | eta 11h11m
8980 train 2.762467 norm 0.1822 lr_muon 2.00e-02 lr_adam 1.20e-03 tok_s 131547 | 8981/19073 (47.1%) | elapsed 10h00m | eta 11h10m
8990 train 2.753337 norm 0.1837 lr_muon 2.00e-02 lr_adam 1.20e-03 tok_s 131242 | 8991/19073 (47.1%) | elapsed 10h01m | eta 11h09m
9000 val 3.141966
step  9000 | val loss 3.1420
9000 train 2.777620 norm 0.1717 lr_muon 2.00e-02 lr_adam 1.20e-03 tok_s 80972 | 9001/19073 (47.2%) | elapsed 10h01m | eta 11h51m
saved checkpoint -> /workspace/runs/modern_1024x24/checkpoints/ckpt_009000.pt
9010 train 2.716181 norm 0.1876 lr_muon 2.00e-02 lr_adam 1.20e-03 tok_s 131502 | 9011/19073 (47.2%) | elapsed 10h02m | eta 11h22m
9020 train 2.883746 norm 0.2161 lr_muon 2.00e-02 lr_adam 1.20e-03 tok_s 131114 | 9021/19073 (47.3%) | elapsed 10h03m | eta 11h13m
9030 train 2.745376 norm 0.2317 lr_muon 2.00e-02 lr_adam 1.20e-03 tok_s 131232 | 9031/19073 (47.3%) | elapsed 10h03m | eta 11h09m
9040 train 2.708562 norm 0.1870 lr_muon 2.00e-02 lr_adam 1.20e-03 tok_s 131147 | 9041/19073 (47.4%) | elapsed 10h04m | eta 11h07m
9050 train 2.721243 norm 0.1703 lr_muon 2.00e-02 lr_adam 1.20e-03 tok_s 131648 | 9051/19073 (47.5%) | elapsed 10h05m | eta 11h06m
9060 train 2.751840 norm 0.1910 lr_muon 2.00e-02 lr_adam 1.20e-03 tok_s 131580 | 9061/19073 (47.5%) | elapsed 10h05m | eta 11h05m
9070 train 2.898393 norm 0.2009 lr_muon 2.00e-02 lr_adam 1.20e-03 tok_s 131558 | 9071/19073 (47.6%) | elapsed 10h06m | eta 11h16m
9080 train 2.726546 norm 0.2110 lr_muon 2.00e-02 lr_adam 1.20e-03 tok_s 131421 | 9081/19073 (47.6%) | elapsed 10h07m | eta 11h07m
9090 train 2.779497 norm 0.2032 lr_muon 2.00e-02 lr_adam 1.20e-03 tok_s 131640 | 9091/19073 (47.7%) | elapsed 10h07m | eta 11h04m
9100 train 2.761736 norm 0.1870 lr_muon 2.00e-02 lr_adam 1.20e-03 tok_s 131339 | 9101/19073 (47.7%) | elapsed 10h08m | eta 11h02m
9110 train 2.748125 norm 0.1967 lr_muon 2.00e-02 lr_adam 1.20e-03 tok_s 130897 | 9111/19073 (47.8%) | elapsed 10h09m | eta 11h02m
9120 train 2.875654 norm 0.1999 lr_muon 2.00e-02 lr_adam 1.20e-03 tok_s 131515 | 9121/19073 (47.8%) | elapsed 10h09m | eta 11h01m
9130 train 2.722280 norm 0.2329 lr_muon 2.00e-02 lr_adam 1.20e-03 tok_s 131516 | 9131/19073 (47.9%) | elapsed 10h10m | eta 11h00m
9140 train 2.800295 norm 0.1988 lr_muon 2.00e-02 lr_adam 1.20e-03 tok_s 131403 | 9141/19073 (47.9%) | elapsed 10h11m | eta 11h00m
9150 train 2.695455 norm 0.1852 lr_muon 2.00e-02 lr_adam 1.20e-03 tok_s 131404 | 9151/19073 (48.0%) | elapsed 10h11m | eta 10h59m
9160 train 2.647556 norm 0.1783 lr_muon 2.00e-02 lr_adam 1.20e-03 tok_s 131506 | 9161/19073 (48.0%) | elapsed 10h12m | eta 10h59m
9170 train 2.870360 norm 0.1881 lr_muon 2.00e-02 lr_adam 1.20e-03 tok_s 131438 | 9171/19073 (48.1%) | elapsed 10h13m | eta 10h58m
9180 train 2.734089 norm 0.1881 lr_muon 2.00e-02 lr_adam 1.20e-03 tok_s 131400 | 9181/19073 (48.1%) | elapsed 10h13m | eta 10h57m
9190 train 2.733209 norm 0.1763 lr_muon 2.00e-02 lr_adam 1.20e-03 tok_s 131560 | 9191/19073 (48.2%) | elapsed 10h14m | eta 10h57m
9200 train 2.750578 norm 0.2251 lr_muon 2.00e-02 lr_adam 1.20e-03 tok_s 131511 | 9201/19073 (48.2%) | elapsed 10h15m | eta 10h56m
9210 train 2.710034 norm 0.2071 lr_muon 2.00e-02 lr_adam 1.20e-03 tok_s 131341 | 9211/19073 (48.3%) | elapsed 10h15m | eta 10h55m
9220 train 2.826080 norm 0.2112 lr_muon 2.00e-02 lr_adam 1.20e-03 tok_s 131452 | 9221/19073 (48.3%) | elapsed 10h16m | eta 10h54m
9230 train 2.742878 norm 0.2188 lr_muon 2.00e-02 lr_adam 1.20e-03 tok_s 131818 | 9231/19073 (48.4%) | elapsed 10h17m | eta 10h53m
9240 train 2.777387 norm 0.1714 lr_muon 2.00e-02 lr_adam 1.20e-03 tok_s 132219 | 9241/19073 (48.5%) | elapsed 10h17m | eta 10h52m
9250 val 3.136268
step  9250 | val loss 3.1363
9250 train 2.736801 norm 0.1768 lr_muon 2.00e-02 lr_adam 1.20e-03 tok_s 81964 | 9251/19073 (48.5%) | elapsed 10h18m | eta 11h31m
9260 train 2.761445 norm 0.1972 lr_muon 2.00e-02 lr_adam 1.20e-03 tok_s 131714 | 9261/19073 (48.6%) | elapsed 10h19m | eta 11h04m
9270 train 2.848830 norm 0.1855 lr_muon 2.00e-02 lr_adam 1.20e-03 tok_s 131636 | 9271/19073 (48.6%) | elapsed 10h19m | eta 10h55m
9280 train 2.786995 norm 0.2059 lr_muon 2.00e-02 lr_adam 1.20e-03 tok_s 131531 | 9281/19073 (48.7%) | elapsed 10h20m | eta 10h52m
9290 train 2.696145 norm 0.1689 lr_muon 2.00e-02 lr_adam 1.20e-03 tok_s 131324 | 9291/19073 (48.7%) | elapsed 10h21m | eta 10h50m
9300 train 2.740443 norm 0.2667 lr_muon 2.00e-02 lr_adam 1.20e-03 tok_s 131378 | 9301/19073 (48.8%) | elapsed 10h21m | eta 10h50m
9310 train 2.745134 norm 0.2022 lr_muon 2.00e-02 lr_adam 1.20e-03 tok_s 131356 | 9311/19073 (48.8%) | elapsed 10h22m | eta 10h53m
9320 train 2.908458 norm 0.1667 lr_muon 2.00e-02 lr_adam 1.20e-03 tok_s 131312 | 9321/19073 (48.9%) | elapsed 10h23m | eta 10h50m
9330 train 2.629712 norm 0.2045 lr_muon 2.00e-02 lr_adam 1.20e-03 tok_s 131508 | 9331/19073 (48.9%) | elapsed 10h23m | eta 10h48m
9340 train 2.847357 norm 0.2245 lr_muon 2.00e-02 lr_adam 1.20e-03 tok_s 131478 | 9341/19073 (49.0%) | elapsed 10h24m | eta 10h46m
9350 train 2.734548 norm 0.1958 lr_muon 2.00e-02 lr_adam 1.20e-03 tok_s 131511 | 9351/19073 (49.0%) | elapsed 10h25m | eta 10h46m
9360 train 2.771216 norm 0.1681 lr_muon 2.00e-02 lr_adam 1.20e-03 tok_s 131643 | 9361/19073 (49.1%) | elapsed 10h25m | eta 10h45m
9370 train 2.935972 norm 0.2064 lr_muon 2.00e-02 lr_adam 1.20e-03 tok_s 131816 | 9371/19073 (49.1%) | elapsed 10h26m | eta 10h43m
9380 train 2.782973 norm 0.2362 lr_muon 2.00e-02 lr_adam 1.20e-03 tok_s 131766 | 9381/19073 (49.2%) | elapsed 10h27m | eta 10h43m
9390 train 2.738976 norm 0.1877 lr_muon 2.00e-02 lr_adam 1.20e-03 tok_s 131575 | 9391/19073 (49.2%) | elapsed 10h27m | eta 10h42m
9400 train 2.747202 norm 0.1893 lr_muon 2.00e-02 lr_adam 1.20e-03 tok_s 131544 | 9401/19073 (49.3%) | elapsed 10h28m | eta 10h42m
9410 train 2.736964 norm 0.1954 lr_muon 2.00e-02 lr_adam 1.20e-03 tok_s 131512 | 9411/19073 (49.3%) | elapsed 10h29m | eta 10h41m
9420 train 2.837056 norm 0.2014 lr_muon 2.00e-02 lr_adam 1.20e-03 tok_s 131576 | 9421/19073 (49.4%) | elapsed 10h29m | eta 10h40m
9430 train 2.723701 norm 0.1942 lr_muon 2.00e-02 lr_adam 1.20e-03 tok_s 131378 | 9431/19073 (49.4%) | elapsed 10h30m | eta 10h40m
9440 train 2.737850 norm 0.1466 lr_muon 2.00e-02 lr_adam 1.20e-03 tok_s 131548 | 9441/19073 (49.5%) | elapsed 10h31m | eta 10h39m
9450 train 2.859860 norm 0.2046 lr_muon 2.00e-02 lr_adam 1.20e-03 tok_s 131547 | 9451/19073 (49.6%) | elapsed 10h31m | eta 10h38m
9460 train 2.800606 norm 0.1917 lr_muon 2.00e-02 lr_adam 1.20e-03 tok_s 132081 | 9461/19073 (49.6%) | elapsed 10h32m | eta 10h37m
9470 train 2.921500 norm 0.2046 lr_muon 2.00e-02 lr_adam 1.20e-03 tok_s 131747 | 9471/19073 (49.7%) | elapsed 10h33m | eta 10h36m
9480 train 2.771810 norm 0.1600 lr_muon 2.00e-02 lr_adam 1.20e-03 tok_s 131614 | 9481/19073 (49.7%) | elapsed 10h33m | eta 10h36m
9490 train 2.759007 norm 0.2157 lr_muon 2.00e-02 lr_adam 1.20e-03 tok_s 131844 | 9491/19073 (49.8%) | elapsed 10h34m | eta 10h35m
9500 val 3.137848
step  9500 | val loss 3.1378
9500 train 2.708238 norm 0.1881 lr_muon 2.00e-02 lr_adam 1.20e-03 tok_s 83319 | 9501/19073 (49.8%) | elapsed 10h35m | eta 11h11m
9510 train 2.761329 norm 0.1738 lr_muon 2.00e-02 lr_adam 1.20e-03 tok_s 131679 | 9511/19073 (49.9%) | elapsed 10h35m | eta 10h47m
9520 train 2.809908 norm 0.1857 lr_muon 2.00e-02 lr_adam 1.20e-03 tok_s 131682 | 9521/19073 (49.9%) | elapsed 10h36m | eta 10h38m
9530 train 2.666530 norm 0.1946 lr_muon 2.00e-02 lr_adam 1.20e-03 tok_s 131714 | 9531/19073 (50.0%) | elapsed 10h37m | eta 10h34m
9540 train 2.728005 norm 0.1620 lr_muon 2.00e-02 lr_adam 1.20e-03 tok_s 131617 | 9541/19073 (50.0%) | elapsed 10h37m | eta 10h44m
9550 train 2.760391 norm 0.1875 lr_muon 2.00e-02 lr_adam 1.20e-03 tok_s 131593 | 9551/19073 (50.1%) | elapsed 10h38m | eta 10h35m
9560 train 2.756499 norm 0.1782 lr_muon 2.00e-02 lr_adam 1.20e-03 tok_s 131540 | 9561/19073 (50.1%) | elapsed 10h39m | eta 10h32m
9570 train 2.940712 norm 0.2020 lr_muon 2.00e-02 lr_adam 1.20e-03 tok_s 131748 | 9571/19073 (50.2%) | elapsed 10h39m | eta 10h30m
9580 train 2.676712 norm 0.2157 lr_muon 2.00e-02 lr_adam 1.20e-03 tok_s 131345 | 9581/19073 (50.2%) | elapsed 10h40m | eta 10h30m
9590 train 2.739325 norm 0.1955 lr_muon 2.00e-02 lr_adam 1.20e-03 tok_s 131824 | 9591/19073 (50.3%) | elapsed 10h41m | eta 10h29m
9600 train 2.668910 norm 0.1879 lr_muon 2.00e-02 lr_adam 1.20e-03 tok_s 131653 | 9601/19073 (50.3%) | elapsed 10h41m | eta 10h28m
9610 train 2.795608 norm 0.2002 lr_muon 2.00e-02 lr_adam 1.20e-03 tok_s 131655 | 9611/19073 (50.4%) | elapsed 10h42m | eta 10h28m
9620 train 2.882966 norm 0.1751 lr_muon 2.00e-02 lr_adam 1.20e-03 tok_s 131210 | 9621/19073 (50.4%) | elapsed 10h43m | eta 10h27m
9630 train 2.732842 norm 0.1899 lr_muon 2.00e-02 lr_adam 1.20e-03 tok_s 131341 | 9631/19073 (50.5%) | elapsed 10h43m | eta 10h27m
9640 train 2.723815 norm 0.1923 lr_muon 2.00e-02 lr_adam 1.20e-03 tok_s 131259 | 9641/19073 (50.5%) | elapsed 10h44m | eta 10h27m
9650 train 2.754745 norm 0.2619 lr_muon 2.00e-02 lr_adam 1.20e-03 tok_s 131324 | 9651/19073 (50.6%) | elapsed 10h45m | eta 10h26m
9660 train 2.734455 norm 0.2090 lr_muon 2.00e-02 lr_adam 1.20e-03 tok_s 131432 | 9661/19073 (50.7%) | elapsed 10h45m | eta 10h25m
9670 train 2.893533 norm 0.2610 lr_muon 2.00e-02 lr_adam 1.20e-03 tok_s 131727 | 9671/19073 (50.7%) | elapsed 10h46m | eta 10h23m
9680 train 2.708724 norm 0.1765 lr_muon 2.00e-02 lr_adam 1.20e-03 tok_s 131061 | 9681/19073 (50.8%) | elapsed 10h47m | eta 10h24m
9690 train 2.802919 norm 0.1773 lr_muon 2.00e-02 lr_adam 1.20e-03 tok_s 131182 | 9691/19073 (50.8%) | elapsed 10h47m | eta 10h24m
9700 train 2.769728 norm 0.1734 lr_muon 2.00e-02 lr_adam 1.20e-03 tok_s 131219 | 9701/19073 (50.9%) | elapsed 10h48m | eta 10h24m
9710 train 2.745700 norm 0.1555 lr_muon 2.00e-02 lr_adam 1.20e-03 tok_s 131276 | 9711/19073 (50.9%) | elapsed 10h49m | eta 10h23m
9720 train 2.882850 norm 0.1778 lr_muon 2.00e-02 lr_adam 1.20e-03 tok_s 131304 | 9721/19073 (51.0%) | elapsed 10h49m | eta 10h22m
9730 train 2.745756 norm 0.2141 lr_muon 2.00e-02 lr_adam 1.20e-03 tok_s 131519 | 9731/19073 (51.0%) | elapsed 10h50m | eta 10h22m
9740 train 2.743130 norm 0.1707 lr_muon 2.00e-02 lr_adam 1.20e-03 tok_s 131245 | 9741/19073 (51.1%) | elapsed 10h51m | eta 10h21m
9750 val 3.134451
step  9750 | val loss 3.1345
9750 train 2.751246 norm 0.1717 lr_muon 2.00e-02 lr_adam 1.20e-03 tok_s 84142 | 9751/19073 (51.1%) | elapsed 10h51m | eta 10h55m
9760 train 2.752390 norm 0.1940 lr_muon 2.00e-02 lr_adam 1.20e-03 tok_s 131248 | 9761/19073 (51.2%) | elapsed 10h52m | eta 10h31m
9770 train 2.906728 norm 0.2048 lr_muon 2.00e-02 lr_adam 1.20e-03 tok_s 131496 | 9771/19073 (51.2%) | elapsed 10h53m | eta 10h30m
9780 train 2.756168 norm 0.1898 lr_muon 2.00e-02 lr_adam 1.20e-03 tok_s 131170 | 9781/19073 (51.3%) | elapsed 10h53m | eta 10h22m
9790 train 2.715735 norm 0.1775 lr_muon 2.00e-02 lr_adam 1.20e-03 tok_s 131334 | 9791/19073 (51.3%) | elapsed 10h54m | eta 10h19m
9800 train 2.680668 norm 0.2016 lr_muon 2.00e-02 lr_adam 1.20e-03 tok_s 131166 | 9801/19073 (51.4%) | elapsed 10h55m | eta 10h17m
9810 train 2.652679 norm 0.1650 lr_muon 2.00e-02 lr_adam 1.20e-03 tok_s 131227 | 9811/19073 (51.4%) | elapsed 10h55m | eta 10h16m
9820 train 2.934211 norm 0.2238 lr_muon 2.00e-02 lr_adam 1.20e-03 tok_s 131609 | 9821/19073 (51.5%) | elapsed 10h56m | eta 10h15m
9830 train 2.772126 norm 0.1867 lr_muon 2.00e-02 lr_adam 1.20e-03 tok_s 131473 | 9831/19073 (51.5%) | elapsed 10h57m | eta 10h14m
9840 train 2.704914 norm 0.1871 lr_muon 2.00e-02 lr_adam 1.20e-03 tok_s 131300 | 9841/19073 (51.6%) | elapsed 10h57m | eta 10h13m
9850 train 2.762200 norm 0.1783 lr_muon 2.00e-02 lr_adam 1.20e-03 tok_s 131161 | 9851/19073 (51.6%) | elapsed 10h58m | eta 10h13m
9860 train 2.762412 norm 0.1556 lr_muon 2.00e-02 lr_adam 1.20e-03 tok_s 131592 | 9861/19073 (51.7%) | elapsed 10h59m | eta 10h12m
9870 train 2.915612 norm 0.1891 lr_muon 2.00e-02 lr_adam 1.20e-03 tok_s 131669 | 9871/19073 (51.8%) | elapsed 10h59m | eta 10h11m
9880 train 2.666538 norm 0.2455 lr_muon 2.00e-02 lr_adam 1.20e-03 tok_s 131312 | 9881/19073 (51.8%) | elapsed 11h00m | eta 10h10m
9890 train 2.767004 norm 0.2068 lr_muon 2.00e-02 lr_adam 1.20e-03 tok_s 131480 | 9891/19073 (51.9%) | elapsed 11h01m | eta 10h10m
9900 train 2.771643 norm 0.2180 lr_muon 2.00e-02 lr_adam 1.20e-03 tok_s 131681 | 9901/19073 (51.9%) | elapsed 11h01m | eta 10h09m
9910 train 2.804582 norm 0.1535 lr_muon 2.00e-02 lr_adam 1.20e-03 tok_s 131464 | 9911/19073 (52.0%) | elapsed 11h02m | eta 10h08m
9920 train 2.830866 norm 0.1884 lr_muon 2.00e-02 lr_adam 1.20e-03 tok_s 131279 | 9921/19073 (52.0%) | elapsed 11h03m | eta 10h08m
9930 train 2.807452 norm 0.1961 lr_muon 2.00e-02 lr_adam 1.20e-03 tok_s 131445 | 9931/19073 (52.1%) | elapsed 11h03m | eta 10h07m
9940 train 2.702431 norm 0.1684 lr_muon 2.00e-02 lr_adam 1.20e-03 tok_s 131407 | 9941/19073 (52.1%) | elapsed 11h04m | eta 10h07m
9950 train 2.764534 norm 0.2146 lr_muon 2.00e-02 lr_adam 1.20e-03 tok_s 131364 | 9951/19073 (52.2%) | elapsed 11h05m | eta 10h06m
9960 train 2.719379 norm 0.1841 lr_muon 2.00e-02 lr_adam 1.20e-03 tok_s 131470 | 9961/19073 (52.2%) | elapsed 11h05m | eta 10h06m
9970 train 2.843159 norm 0.2036 lr_muon 2.00e-02 lr_adam 1.20e-03 tok_s 131112 | 9971/19073 (52.3%) | elapsed 11h06m | eta 10h05m
9980 train 2.743691 norm 0.2096 lr_muon 2.00e-02 lr_adam 1.20e-03 tok_s 131339 | 9981/19073 (52.3%) | elapsed 11h07m | eta 10h04m
9990 train 2.816461 norm 0.1676 lr_muon 2.00e-02 lr_adam 1.20e-03 tok_s 131488 | 9991/19073 (52.4%) | elapsed 11h07m | eta 10h03m
10000 val 3.136209
step 10000 | val loss 3.1362
10000 train 2.739566 norm 0.2408 lr_muon 2.00e-02 lr_adam 1.20e-03 tok_s 84352 | 10001/19073 (52.4%) | elapsed 11h08m | eta 10h47m
saved checkpoint -> /workspace/runs/modern_1024x24/checkpoints/ckpt_010000.pt
10010 train 2.729144 norm 0.2384 lr_muon 2.00e-02 lr_adam 1.20e-03 tok_s 131443 | 10011/19073 (52.5%) | elapsed 11h09m | eta 10h17m
10020 train 2.964347 norm 0.1801 lr_muon 2.00e-02 lr_adam 1.20e-03 tok_s 131289 | 10021/19073 (52.5%) | elapsed 11h10m | eta 10h07m
10030 train 2.818680 norm 0.1906 lr_muon 2.00e-02 lr_adam 1.20e-03 tok_s 131288 | 10031/19073 (52.6%) | elapsed 11h10m | eta 10h03m
10040 train 2.762585 norm 0.2041 lr_muon 2.00e-02 lr_adam 1.20e-03 tok_s 131003 | 10041/19073 (52.6%) | elapsed 11h11m | eta 10h01m
10050 train 2.725691 norm 0.1870 lr_muon 2.00e-02 lr_adam 1.20e-03 tok_s 131275 | 10051/19073 (52.7%) | elapsed 11h12m | eta 10h00m
10060 train 2.739677 norm 0.1857 lr_muon 2.00e-02 lr_adam 1.20e-03 tok_s 131394 | 10061/19073 (52.7%) | elapsed 11h12m | eta 9h59m
10070 train 2.871352 norm 0.2018 lr_muon 2.00e-02 lr_adam 1.20e-03 tok_s 131347 | 10071/19073 (52.8%) | elapsed 11h13m | eta 9h58m
10080 train 2.735746 norm 0.2345 lr_muon 2.00e-02 lr_adam 1.20e-03 tok_s 131090 | 10081/19073 (52.9%) | elapsed 11h14m | eta 9h58m
10090 train 2.749264 norm 0.1770 lr_muon 2.00e-02 lr_adam 1.20e-03 tok_s 131345 | 10091/19073 (52.9%) | elapsed 11h14m | eta 9h57m
10100 train 2.761013 norm 0.1440 lr_muon 2.00e-02 lr_adam 1.20e-03 tok_s 131365 | 10101/19073 (53.0%) | elapsed 11h15m | eta 9h57m
10110 train 2.744083 norm 0.1995 lr_muon 2.00e-02 lr_adam 1.20e-03 tok_s 131489 | 10111/19073 (53.0%) | elapsed 11h16m | eta 9h56m
10120 train 2.881966 norm 0.1823 lr_muon 2.00e-02 lr_adam 1.20e-03 tok_s 131751 | 10121/19073 (53.1%) | elapsed 11h16m | eta 9h54m
10130 train 2.755734 norm 0.2223 lr_muon 2.00e-02 lr_adam 1.20e-03 tok_s 131941 | 10131/19073 (53.1%) | elapsed 11h17m | eta 9h53m
10140 train 2.731550 norm 0.2105 lr_muon 2.00e-02 lr_adam 1.20e-03 tok_s 131567 | 10141/19073 (53.2%) | elapsed 11h18m | eta 9h52m
10150 train 2.743577 norm 0.2493 lr_muon 2.00e-02 lr_adam 1.20e-03 tok_s 131735 | 10151/19073 (53.2%) | elapsed 11h18m | eta 9h52m
10160 train 2.806788 norm 0.1763 lr_muon 2.00e-02 lr_adam 1.20e-03 tok_s 131499 | 10161/19073 (53.3%) | elapsed 11h19m | eta 9h51m
10170 train 2.869125 norm 0.1823 lr_muon 2.00e-02 lr_adam 1.20e-03 tok_s 131954 | 10171/19073 (53.3%) | elapsed 11h20m | eta 9h50m
10180 train 2.763944 norm 0.2061 lr_muon 2.00e-02 lr_adam 1.20e-03 tok_s 131494 | 10181/19073 (53.4%) | elapsed 11h20m | eta 9h50m
10190 train 2.870779 norm 0.1944 lr_muon 2.00e-02 lr_adam 1.20e-03 tok_s 131673 | 10191/19073 (53.4%) | elapsed 11h21m | eta 9h49m
10200 train 2.796651 norm 0.1755 lr_muon 2.00e-02 lr_adam 1.20e-03 tok_s 131374 | 10201/19073 (53.5%) | elapsed 11h22m | eta 9h48m
10210 train 2.738819 norm 0.1683 lr_muon 2.00e-02 lr_adam 1.20e-03 tok_s 131527 | 10211/19073 (53.5%) | elapsed 11h22m | eta 9h48m
10220 train 2.846557 norm 0.1906 lr_muon 2.00e-02 lr_adam 1.20e-03 tok_s 131299 | 10221/19073 (53.6%) | elapsed 11h23m | eta 9h48m
10230 train 2.708271 norm 0.1728 lr_muon 2.00e-02 lr_adam 1.20e-03 tok_s 131580 | 10231/19073 (53.6%) | elapsed 11h24m | eta 9h47m
10240 train 2.728780 norm 0.2059 lr_muon 2.00e-02 lr_adam 1.20e-03 tok_s 131333 | 10241/19073 (53.7%) | elapsed 11h24m | eta 9h51m
10250 val 3.125478
step 10250 | val loss 3.1255
10250 train 2.789495 norm 0.1984 lr_muon 2.00e-02 lr_adam 1.20e-03 tok_s 85886 | 10251/19073 (53.7%) | elapsed 11h25m | eta 10h19m
10260 train 2.708535 norm 0.2143 lr_muon 2.00e-02 lr_adam 1.20e-03 tok_s 131476 | 10261/19073 (53.8%) | elapsed 11h26m | eta 9h57m
10270 train 2.888965 norm 0.1749 lr_muon 2.00e-02 lr_adam 1.20e-03 tok_s 131267 | 10271/19073 (53.9%) | elapsed 11h26m | eta 9h49m
10280 train 2.723689 norm 0.2055 lr_muon 2.00e-02 lr_adam 1.20e-03 tok_s 131482 | 10281/19073 (53.9%) | elapsed 11h27m | eta 9h46m
10290 train 2.790116 norm 0.1509 lr_muon 2.00e-02 lr_adam 1.20e-03 tok_s 131247 | 10291/19073 (54.0%) | elapsed 11h28m | eta 9h44m
10300 train 2.631887 norm 0.1273 lr_muon 2.00e-02 lr_adam 1.20e-03 tok_s 131319 | 10301/19073 (54.0%) | elapsed 11h28m | eta 9h43m
10310 train 2.777540 norm 0.2407 lr_muon 2.00e-02 lr_adam 1.20e-03 tok_s 131113 | 10311/19073 (54.1%) | elapsed 11h29m | eta 9h43m
10320 train 2.840222 norm 0.1910 lr_muon 2.00e-02 lr_adam 1.20e-03 tok_s 131580 | 10321/19073 (54.1%) | elapsed 11h30m | eta 9h42m
10330 train 2.896063 norm 0.2070 lr_muon 2.00e-02 lr_adam 1.20e-03 tok_s 131516 | 10331/19073 (54.2%) | elapsed 11h30m | eta 9h41m
10340 train 2.771284 norm 0.1963 lr_muon 2.00e-02 lr_adam 1.20e-03 tok_s 131460 | 10341/19073 (54.2%) | elapsed 11h31m | eta 9h41m
10350 train 2.770738 norm 0.1655 lr_muon 2.00e-02 lr_adam 1.20e-03 tok_s 131475 | 10351/19073 (54.3%) | elapsed 11h32m | eta 9h40m
10360 train 2.832160 norm 0.1808 lr_muon 2.00e-02 lr_adam 1.20e-03 tok_s 131333 | 10361/19073 (54.3%) | elapsed 11h32m | eta 9h39m
10370 train 2.859918 norm 0.2123 lr_muon 2.00e-02 lr_adam 1.20e-03 tok_s 131423 | 10371/19073 (54.4%) | elapsed 11h33m | eta 9h38m
10380 train 2.746076 norm 0.1628 lr_muon 2.00e-02 lr_adam 1.20e-03 tok_s 131410 | 10381/19073 (54.4%) | elapsed 11h34m | eta 9h38m
10390 train 2.769525 norm 0.1782 lr_muon 2.00e-02 lr_adam 1.20e-03 tok_s 131485 | 10391/19073 (54.5%) | elapsed 11h34m | eta 9h37m
10400 train 2.775104 norm 0.2053 lr_muon 2.00e-02 lr_adam 1.20e-03 tok_s 131401 | 10401/19073 (54.5%) | elapsed 11h35m | eta 9h36m
10410 train 2.742662 norm 0.1647 lr_muon 2.00e-02 lr_adam 1.20e-03 tok_s 131215 | 10411/19073 (54.6%) | elapsed 11h36m | eta 9h36m
10420 train 2.895008 norm 0.1643 lr_muon 2.00e-02 lr_adam 1.20e-03 tok_s 131462 | 10421/19073 (54.6%) | elapsed 11h36m | eta 9h35m
10430 train 2.799842 norm 0.1709 lr_muon 2.00e-02 lr_adam 1.20e-03 tok_s 131380 | 10431/19073 (54.7%) | elapsed 11h37m | eta 9h34m
10440 train 2.774304 norm 0.1869 lr_muon 2.00e-02 lr_adam 1.20e-03 tok_s 131415 | 10441/19073 (54.7%) | elapsed 11h38m | eta 9h33m
10450 train 2.812416 norm 0.1943 lr_muon 2.00e-02 lr_adam 1.20e-03 tok_s 131250 | 10451/19073 (54.8%) | elapsed 11h38m | eta 9h33m
10460 train 2.723029 norm 0.2044 lr_muon 2.00e-02 lr_adam 1.20e-03 tok_s 131744 | 10461/19073 (54.8%) | elapsed 11h39m | eta 9h32m
10470 train 2.891088 norm 0.2502 lr_muon 2.00e-02 lr_adam 1.20e-03 tok_s 131396 | 10471/19073 (54.9%) | elapsed 11h40m | eta 9h37m
10480 train 2.740720 norm 0.1711 lr_muon 2.00e-02 lr_adam 1.20e-03 tok_s 131899 | 10481/19073 (55.0%) | elapsed 11h40m | eta 9h32m
10490 train 2.834823 norm 0.2375 lr_muon 2.00e-02 lr_adam 1.20e-03 tok_s 131682 | 10491/19073 (55.0%) | elapsed 11h41m | eta 9h30m
10500 val 3.128929
step 10500 | val loss 3.1289
10500 train 2.776268 norm 0.1627 lr_muon 2.00e-02 lr_adam 1.20e-03 tok_s 85111 | 10501/19073 (55.1%) | elapsed 11h42m | eta 10h00m
10510 train 2.750986 norm 0.2257 lr_muon 2.00e-02 lr_adam 1.20e-03 tok_s 131573 | 10511/19073 (55.1%) | elapsed 11h42m | eta 9h39m
10520 train 2.710500 norm 0.1835 lr_muon 2.00e-02 lr_adam 1.20e-03 tok_s 131488 | 10521/19073 (55.2%) | elapsed 11h43m | eta 9h31m
10530 train 2.777423 norm 0.1942 lr_muon 2.00e-02 lr_adam 1.20e-03 tok_s 130948 | 10531/19073 (55.2%) | elapsed 11h44m | eta 9h29m
10540 train 2.691122 norm 0.1903 lr_muon 2.00e-02 lr_adam 1.20e-03 tok_s 131249 | 10541/19073 (55.3%) | elapsed 11h44m | eta 9h27m
10550 train 2.769687 norm 0.2061 lr_muon 2.00e-02 lr_adam 1.20e-03 tok_s 131482 | 10551/19073 (55.3%) | elapsed 11h45m | eta 9h26m
10560 train 2.763109 norm 0.1863 lr_muon 2.00e-02 lr_adam 1.20e-03 tok_s 131652 | 10561/19073 (55.4%) | elapsed 11h46m | eta 9h25m
10570 train 2.909791 norm 0.1736 lr_muon 2.00e-02 lr_adam 1.20e-03 tok_s 131410 | 10571/19073 (55.4%) | elapsed 11h46m | eta 9h25m
10580 train 2.817046 norm 0.2623 lr_muon 2.00e-02 lr_adam 1.20e-03 tok_s 131499 | 10581/19073 (55.5%) | elapsed 11h47m | eta 9h24m
10590 train 2.839322 norm 0.1791 lr_muon 2.00e-02 lr_adam 1.20e-03 tok_s 131516 | 10591/19073 (55.5%) | elapsed 11h48m | eta 9h23m
10600 train 2.616202 norm 0.1583 lr_muon 2.00e-02 lr_adam 1.20e-03 tok_s 131402 | 10601/19073 (55.6%) | elapsed 11h48m | eta 9h28m
10610 train 2.675257 norm 0.1956 lr_muon 2.00e-02 lr_adam 1.20e-03 tok_s 131276 | 10611/19073 (55.6%) | elapsed 11h49m | eta 9h24m
10620 train 2.879294 norm 0.1979 lr_muon 2.00e-02 lr_adam 1.20e-03 tok_s 131606 | 10621/19073 (55.7%) | elapsed 11h50m | eta 9h22m
10630 train 2.744678 norm 0.1906 lr_muon 2.00e-02 lr_adam 1.20e-03 tok_s 131534 | 10631/19073 (55.7%) | elapsed 11h50m | eta 9h21m
10640 train 2.685155 norm 0.1634 lr_muon 2.00e-02 lr_adam 1.20e-03 tok_s 131450 | 10641/19073 (55.8%) | elapsed 11h51m | eta 9h20m
10650 train 2.694391 norm 0.1743 lr_muon 2.00e-02 lr_adam 1.20e-03 tok_s 131447 | 10651/19073 (55.8%) | elapsed 11h52m | eta 9h20m
10660 train 2.722499 norm 0.4453 lr_muon 2.00e-02 lr_adam 1.20e-03 tok_s 131314 | 10661/19073 (55.9%) | elapsed 11h52m | eta 9h19m
10670 train 2.858589 norm 0.1768 lr_muon 2.00e-02 lr_adam 1.20e-03 tok_s 131399 | 10671/19073 (55.9%) | elapsed 11h53m | eta 9h18m
10680 train 2.772844 norm 0.1802 lr_muon 2.00e-02 lr_adam 1.20e-03 tok_s 131240 | 10681/19073 (56.0%) | elapsed 11h54m | eta 9h18m
10690 train 2.721094 norm 0.1748 lr_muon 2.00e-02 lr_adam 1.20e-03 tok_s 131464 | 10691/19073 (56.1%) | elapsed 11h54m | eta 9h17m
10700 train 2.694757 norm 0.1998 lr_muon 2.00e-02 lr_adam 1.20e-03 tok_s 131544 | 10701/19073 (56.1%) | elapsed 11h55m | eta 9h24m
10710 train 2.719420 norm 0.1788 lr_muon 2.00e-02 lr_adam 1.20e-03 tok_s 131329 | 10711/19073 (56.2%) | elapsed 11h56m | eta 9h18m
10720 train 2.968525 norm 0.1889 lr_muon 2.00e-02 lr_adam 1.20e-03 tok_s 131445 | 10721/19073 (56.2%) | elapsed 11h56m | eta 9h16m
10730 train 2.717201 norm 0.1960 lr_muon 2.00e-02 lr_adam 1.20e-03 tok_s 131697 | 10731/19073 (56.3%) | elapsed 11h57m | eta 9h14m
10740 train 2.710396 norm 0.1718 lr_muon 2.00e-02 lr_adam 1.20e-03 tok_s 131543 | 10741/19073 (56.3%) | elapsed 11h58m | eta 9h13m
10750 val 3.121603
step 10750 | val loss 3.1216
10750 train 2.761860 norm 0.1996 lr_muon 2.00e-02 lr_adam 1.20e-03 tok_s 84552 | 10751/19073 (56.4%) | elapsed 11h58m | eta 9h43m
10760 train 2.872126 norm 0.1669 lr_muon 2.00e-02 lr_adam 1.20e-03 tok_s 131263 | 10761/19073 (56.4%) | elapsed 11h59m | eta 9h23m
10770 train 2.921885 norm 0.2020 lr_muon 2.00e-02 lr_adam 1.20e-03 tok_s 131342 | 10771/19073 (56.5%) | elapsed 12h00m | eta 9h15m
10780 train 2.710134 norm 0.1981 lr_muon 2.00e-02 lr_adam 1.20e-03 tok_s 131415 | 10781/19073 (56.5%) | elapsed 12h00m | eta 9h12m
10790 train 2.753313 norm 0.1738 lr_muon 2.00e-02 lr_adam 1.20e-03 tok_s 131387 | 10791/19073 (56.6%) | elapsed 12h01m | eta 9h11m
10800 train 2.818779 norm 0.1952 lr_muon 2.00e-02 lr_adam 1.20e-03 tok_s 131240 | 10801/19073 (56.6%) | elapsed 12h02m | eta 9h10m
10810 train 2.724781 norm 0.1890 lr_muon 2.00e-02 lr_adam 1.20e-03 tok_s 131224 | 10811/19073 (56.7%) | elapsed 12h02m | eta 9h09m
10820 train 2.837552 norm 0.2168 lr_muon 2.00e-02 lr_adam 1.20e-03 tok_s 131215 | 10821/19073 (56.7%) | elapsed 12h03m | eta 9h08m
10830 train 3.026132 norm 0.4868 lr_muon 2.00e-02 lr_adam 1.20e-03 tok_s 131686 | 10831/19073 (56.8%) | elapsed 12h04m | eta 9h07m
10840 train 2.749445 norm 0.1845 lr_muon 2.00e-02 lr_adam 1.20e-03 tok_s 131825 | 10841/19073 (56.8%) | elapsed 12h04m | eta 9h06m
10850 train 2.811061 norm 0.1988 lr_muon 2.00e-02 lr_adam 1.20e-03 tok_s 131440 | 10851/19073 (56.9%) | elapsed 12h05m | eta 9h06m
10860 train 2.672263 norm 0.2066 lr_muon 2.00e-02 lr_adam 1.20e-03 tok_s 131362 | 10861/19073 (56.9%) | elapsed 12h06m | eta 9h06m
10870 train 2.893465 norm 0.1718 lr_muon 2.00e-02 lr_adam 1.20e-03 tok_s 131100 | 10871/19073 (57.0%) | elapsed 12h06m | eta 9h05m
10880 train 2.776647 norm 0.1997 lr_muon 2.00e-02 lr_adam 1.20e-03 tok_s 131375 | 10881/19073 (57.0%) | elapsed 12h07m | eta 9h04m
10890 train 2.798992 norm 0.2007 lr_muon 2.00e-02 lr_adam 1.20e-03 tok_s 131366 | 10891/19073 (57.1%) | elapsed 12h08m | eta 9h04m
10900 train 2.728525 norm 0.1684 lr_muon 2.00e-02 lr_adam 1.20e-03 tok_s 131269 | 10901/19073 (57.2%) | elapsed 12h08m | eta 9h03m
10910 train 2.768044 norm 0.1534 lr_muon 2.00e-02 lr_adam 1.20e-03 tok_s 131192 | 10911/19073 (57.2%) | elapsed 12h09m | eta 9h03m
10920 train 2.931233 norm 0.1975 lr_muon 2.00e-02 lr_adam 1.20e-03 tok_s 131536 | 10921/19073 (57.3%) | elapsed 12h10m | eta 9h02m
10930 train 2.754815 norm 0.2255 lr_muon 2.00e-02 lr_adam 1.20e-03 tok_s 131250 | 10931/19073 (57.3%) | elapsed 12h10m | eta 9h09m
10940 train 2.792350 norm 0.1866 lr_muon 2.00e-02 lr_adam 1.20e-03 tok_s 131407 | 10941/19073 (57.4%) | elapsed 12h11m | eta 9h03m
10950 train 2.745529 norm 0.2129 lr_muon 2.00e-02 lr_adam 1.20e-03 tok_s 131406 | 10951/19073 (57.4%) | elapsed 12h12m | eta 9h00m
10960 train 2.708523 norm 0.1829 lr_muon 2.00e-02 lr_adam 1.20e-03 tok_s 131656 | 10961/19073 (57.5%) | elapsed 12h12m | eta 8h58m
10970 train 2.896435 norm 0.2095 lr_muon 2.00e-02 lr_adam 1.20e-03 tok_s 131482 | 10971/19073 (57.5%) | elapsed 12h13m | eta 8h58m
10980 train 2.745659 norm 0.2010 lr_muon 2.00e-02 lr_adam 1.20e-03 tok_s 130943 | 10981/19073 (57.6%) | elapsed 12h14m | eta 8h57m
10990 train 2.703386 norm 0.1865 lr_muon 2.00e-02 lr_adam 1.20e-03 tok_s 131611 | 10991/19073 (57.6%) | elapsed 12h14m | eta 8h57m
11000 val 3.126123
step 11000 | val loss 3.1261
11000 train 2.702950 norm 0.2141 lr_muon 2.00e-02 lr_adam 1.20e-03 tok_s 84803 | 11001/19073 (57.7%) | elapsed 12h15m | eta 9h25m
saved checkpoint -> /workspace/runs/modern_1024x24/checkpoints/ckpt_011000.pt
11010 train 2.680928 norm 0.1691 lr_muon 2.00e-02 lr_adam 1.20e-03 tok_s 131661 | 11011/19073 (57.7%) | elapsed 12h16m | eta 9h04m
11020 train 3.460902 norm 0.2417 lr_muon 2.00e-02 lr_adam 1.20e-03 tok_s 131843 | 11021/19073 (57.8%) | elapsed 12h16m | eta 8h57m
11030 train 2.697483 norm 0.1788 lr_muon 2.00e-02 lr_adam 1.20e-03 tok_s 131633 | 11031/19073 (57.8%) | elapsed 12h17m | eta 8h55m
11040 train 2.732722 norm 0.1869 lr_muon 2.00e-02 lr_adam 1.20e-03 tok_s 131925 | 11041/19073 (57.9%) | elapsed 12h18m | eta 8h53m
11050 train 2.798811 norm 0.3091 lr_muon 2.00e-02 lr_adam 1.20e-03 tok_s 131855 | 11051/19073 (57.9%) | elapsed 12h18m | eta 8h52m
11060 train 2.795489 norm 0.2133 lr_muon 2.00e-02 lr_adam 1.20e-03 tok_s 131637 | 11061/19073 (58.0%) | elapsed 12h19m | eta 8h51m
11070 train 2.907365 norm 0.2552 lr_muon 2.00e-02 lr_adam 1.20e-03 tok_s 131578 | 11071/19073 (58.0%) | elapsed 12h20m | eta 8h50m
11080 train 2.705847 norm 0.1964 lr_muon 2.00e-02 lr_adam 1.20e-03 tok_s 131575 | 11081/19073 (58.1%) | elapsed 12h20m | eta 8h50m
11090 train 2.710469 norm 0.2062 lr_muon 2.00e-02 lr_adam 1.20e-03 tok_s 131381 | 11091/19073 (58.2%) | elapsed 12h21m | eta 8h50m
11100 train 2.751486 norm 0.1974 lr_muon 2.00e-02 lr_adam 1.20e-03 tok_s 131392 | 11101/19073 (58.2%) | elapsed 12h22m | eta 8h49m
11110 train 2.775406 norm 0.1704 lr_muon 2.00e-02 lr_adam 1.20e-03 tok_s 131370 | 11111/19073 (58.3%) | elapsed 12h22m | eta 8h48m
11120 train 2.825699 norm 0.1834 lr_muon 2.00e-02 lr_adam 1.20e-03 tok_s 131311 | 11121/19073 (58.3%) | elapsed 12h23m | eta 8h48m
11130 train 2.784887 norm 0.1819 lr_muon 2.00e-02 lr_adam 1.20e-03 tok_s 131357 | 11131/19073 (58.4%) | elapsed 12h24m | eta 8h48m
11140 train 2.779086 norm 0.1814 lr_muon 2.00e-02 lr_adam 1.20e-03 tok_s 131402 | 11141/19073 (58.4%) | elapsed 12h24m | eta 8h47m
11150 train 2.762190 norm 0.1545 lr_muon 2.00e-02 lr_adam 1.20e-03 tok_s 131339 | 11151/19073 (58.5%) | elapsed 12h25m | eta 8h47m
11160 train 2.766149 norm 0.2563 lr_muon 2.00e-02 lr_adam 1.20e-03 tok_s 131595 | 11161/19073 (58.5%) | elapsed 12h26m | eta 8h45m
11170 train 2.944431 norm 0.2227 lr_muon 2.00e-02 lr_adam 1.20e-03 tok_s 131381 | 11171/19073 (58.6%) | elapsed 12h26m | eta 8h49m
11180 train 2.682628 norm 0.2019 lr_muon 2.00e-02 lr_adam 1.20e-03 tok_s 131306 | 11181/19073 (58.6%) | elapsed 12h27m | eta 8h46m
11190 train 2.658248 norm 0.1608 lr_muon 2.00e-02 lr_adam 1.20e-03 tok_s 131490 | 11191/19073 (58.7%) | elapsed 12h28m | eta 8h44m
11200 train 2.730639 norm 0.1960 lr_muon 2.00e-02 lr_adam 1.20e-03 tok_s 131578 | 11201/19073 (58.7%) | elapsed 12h28m | eta 8h43m
11210 train 2.727298 norm 0.1679 lr_muon 2.00e-02 lr_adam 1.20e-03 tok_s 131356 | 11211/19073 (58.8%) | elapsed 12h29m | eta 8h42m
11220 train 2.918036 norm 0.1970 lr_muon 2.00e-02 lr_adam 1.20e-03 tok_s 131872 | 11221/19073 (58.8%) | elapsed 12h30m | eta 8h41m
11230 train 2.739873 norm 0.1836 lr_muon 2.00e-02 lr_adam 1.20e-03 tok_s 131496 | 11231/19073 (58.9%) | elapsed 12h30m | eta 8h41m
11240 train 2.744683 norm 0.1779 lr_muon 2.00e-02 lr_adam 1.20e-03 tok_s 131730 | 11241/19073 (58.9%) | elapsed 12h31m | eta 8h40m
11250 val 3.123422
step 11250 | val loss 3.1234
11250 train 2.548636 norm 0.1781 lr_muon 2.00e-02 lr_adam 1.20e-03 tok_s 84002 | 11251/19073 (59.0%) | elapsed 12h32m | eta 9h08m
11260 train 2.684707 norm 0.2275 lr_muon 2.00e-02 lr_adam 1.20e-03 tok_s 131620 | 11261/19073 (59.0%) | elapsed 12h32m | eta 8h48m
11270 train 2.906086 norm 0.2304 lr_muon 2.00e-02 lr_adam 1.20e-03 tok_s 131512 | 11271/19073 (59.1%) | elapsed 12h33m | eta 8h41m
11280 train 2.697621 norm 0.1913 lr_muon 2.00e-02 lr_adam 1.20e-03 tok_s 131722 | 11281/19073 (59.1%) | elapsed 12h34m | eta 8h38m
11290 train 2.774536 norm 0.1973 lr_muon 2.00e-02 lr_adam 1.20e-03 tok_s 131636 | 11291/19073 (59.2%) | elapsed 12h34m | eta 8h36m
11300 train 2.730347 norm 0.2235 lr_muon 2.00e-02 lr_adam 1.20e-03 tok_s 131849 | 11301/19073 (59.3%) | elapsed 12h35m | eta 8h35m
11310 train 2.656065 norm 0.1562 lr_muon 2.00e-02 lr_adam 1.20e-03 tok_s 131479 | 11311/19073 (59.3%) | elapsed 12h36m | eta 8h34m
11320 train 2.888698 norm 0.1564 lr_muon 2.00e-02 lr_adam 1.20e-03 tok_s 131628 | 11321/19073 (59.4%) | elapsed 12h36m | eta 8h34m
11330 train 2.706649 norm 0.2321 lr_muon 2.00e-02 lr_adam 1.20e-03 tok_s 131827 | 11331/19073 (59.4%) | elapsed 12h37m | eta 8h33m
11340 train 2.693369 norm 0.1718 lr_muon 2.00e-02 lr_adam 1.20e-03 tok_s 131606 | 11341/19073 (59.5%) | elapsed 12h38m | eta 8h33m
11350 train 2.683751 norm 0.2048 lr_muon 2.00e-02 lr_adam 1.20e-03 tok_s 131431 | 11351/19073 (59.5%) | elapsed 12h38m | eta 8h32m
11360 train 2.750128 norm 0.1766 lr_muon 2.00e-02 lr_adam 1.20e-03 tok_s 131653 | 11361/19073 (59.6%) | elapsed 12h39m | eta 8h31m
11370 train 2.845052 norm 0.1834 lr_muon 2.00e-02 lr_adam 1.20e-03 tok_s 131656 | 11371/19073 (59.6%) | elapsed 12h40m | eta 8h30m
11380 train 2.746763 norm 0.2314 lr_muon 2.00e-02 lr_adam 1.20e-03 tok_s 131862 | 11381/19073 (59.7%) | elapsed 12h40m | eta 8h30m
11390 train 2.758432 norm 0.2230 lr_muon 2.00e-02 lr_adam 1.20e-03 tok_s 131697 | 11391/19073 (59.7%) | elapsed 12h41m | eta 8h29m
11400 train 2.754040 norm 0.1736 lr_muon 2.00e-02 lr_adam 1.20e-03 tok_s 131709 | 11401/19073 (59.8%) | elapsed 12h42m | eta 8h34m
11410 train 2.734177 norm 0.1862 lr_muon 2.00e-02 lr_adam 1.20e-03 tok_s 131748 | 11411/19073 (59.8%) | elapsed 12h42m | eta 8h29m
11420 train 2.911877 norm 0.1800 lr_muon 2.00e-02 lr_adam 1.20e-03 tok_s 131818 | 11421/19073 (59.9%) | elapsed 12h43m | eta 8h28m
11430 train 2.757394 norm 0.1921 lr_muon 2.00e-02 lr_adam 1.20e-03 tok_s 131896 | 11431/19073 (59.9%) | elapsed 12h44m | eta 8h27m
11440 train 2.773808 norm 0.1784 lr_muon 2.00e-02 lr_adam 1.20e-03 tok_s 131439 | 11441/19073 (60.0%) | elapsed 12h44m | eta 8h27m
11450 train 2.781249 norm 0.1712 lr_muon 2.00e-02 lr_adam 1.20e-03 tok_s 131405 | 11451/19073 (60.0%) | elapsed 12h45m | eta 8h26m
11460 train 2.775869 norm 0.1889 lr_muon 2.00e-02 lr_adam 1.20e-03 tok_s 131572 | 11461/19073 (60.1%) | elapsed 12h46m | eta 8h25m
11470 train 2.871609 norm 0.1905 lr_muon 2.00e-02 lr_adam 1.20e-03 tok_s 131652 | 11471/19073 (60.1%) | elapsed 12h46m | eta 8h24m
11480 train 2.799829 norm 0.2521 lr_muon 2.00e-02 lr_adam 1.20e-03 tok_s 131747 | 11481/19073 (60.2%) | elapsed 12h47m | eta 8h24m
11490 train 2.692781 norm 0.1819 lr_muon 2.00e-02 lr_adam 1.20e-03 tok_s 131604 | 11491/19073 (60.2%) | elapsed 12h48m | eta 8h23m
11500 val 3.121442
step 11500 | val loss 3.1214
11500 train 2.766476 norm 0.1948 lr_muon 2.00e-02 lr_adam 1.20e-03 tok_s 83303 | 11501/19073 (60.3%) | elapsed 12h48m | eta 8h51m
11510 train 2.647116 norm 0.2089 lr_muon 2.00e-02 lr_adam 1.20e-03 tok_s 131510 | 11511/19073 (60.4%) | elapsed 12h49m | eta 8h32m
11520 train 2.845750 norm 0.1851 lr_muon 2.00e-02 lr_adam 1.20e-03 tok_s 131577 | 11521/19073 (60.4%) | elapsed 12h50m | eta 8h25m
11530 train 2.732070 norm 0.1898 lr_muon 2.00e-02 lr_adam 1.20e-03 tok_s 131517 | 11531/19073 (60.5%) | elapsed 12h50m | eta 8h22m
11540 train 2.751327 norm 0.2017 lr_muon 2.00e-02 lr_adam 1.20e-03 tok_s 131800 | 11541/19073 (60.5%) | elapsed 12h51m | eta 8h20m
11550 train 2.812234 norm 0.1904 lr_muon 2.00e-02 lr_adam 1.20e-03 tok_s 131532 | 11551/19073 (60.6%) | elapsed 12h52m | eta 8h19m
11560 train 2.769799 norm 0.2964 lr_muon 2.00e-02 lr_adam 1.20e-03 tok_s 131145 | 11561/19073 (60.6%) | elapsed 12h52m | eta 8h19m
11570 train 2.805299 norm 0.2031 lr_muon 2.00e-02 lr_adam 1.20e-03 tok_s 131389 | 11571/19073 (60.7%) | elapsed 12h53m | eta 8h18m
11580 train 2.758152 norm 0.2417 lr_muon 2.00e-02 lr_adam 1.20e-03 tok_s 131626 | 11581/19073 (60.7%) | elapsed 12h54m | eta 8h17m
11590 train 2.704917 norm 0.1950 lr_muon 2.00e-02 lr_adam 1.20e-03 tok_s 131519 | 11591/19073 (60.8%) | elapsed 12h54m | eta 8h16m
11600 train 2.695006 norm 0.1997 lr_muon 2.00e-02 lr_adam 1.20e-03 tok_s 131474 | 11601/19073 (60.8%) | elapsed 12h55m | eta 8h16m
11610 train 2.715099 norm 0.1619 lr_muon 2.00e-02 lr_adam 1.20e-03 tok_s 131551 | 11611/19073 (60.9%) | elapsed 12h56m | eta 8h15m
11620 train 2.834176 norm 0.1869 lr_muon 2.00e-02 lr_adam 1.20e-03 tok_s 131766 | 11621/19073 (60.9%) | elapsed 12h56m | eta 8h14m
11630 train 2.868449 norm 0.2049 lr_muon 2.00e-02 lr_adam 1.20e-03 tok_s 131721 | 11631/19073 (61.0%) | elapsed 12h57m | eta 8h20m
11640 train 2.643823 norm 0.1982 lr_muon 2.00e-02 lr_adam 1.20e-03 tok_s 131563 | 11641/19073 (61.0%) | elapsed 12h58m | eta 8h15m
11650 train 2.769609 norm 0.1606 lr_muon 2.00e-02 lr_adam 1.20e-03 tok_s 131507 | 11651/19073 (61.1%) | elapsed 12h58m | eta 8h13m
11660 train 2.843260 norm 0.2064 lr_muon 2.00e-02 lr_adam 1.20e-03 tok_s 131586 | 11661/19073 (61.1%) | elapsed 12h59m | eta 8h16m
11670 train 2.868573 norm 0.1968 lr_muon 2.00e-02 lr_adam 1.20e-03 tok_s 131529 | 11671/19073 (61.2%) | elapsed 13h00m | eta 8h12m
11680 train 2.720690 norm 0.1722 lr_muon 2.00e-02 lr_adam 1.20e-03 tok_s 132038 | 11681/19073 (61.2%) | elapsed 13h00m | eta 8h11m
11690 train 2.741719 norm 0.1844 lr_muon 2.00e-02 lr_adam 1.20e-03 tok_s 131663 | 11691/19073 (61.3%) | elapsed 13h01m | eta 8h09m
11700 train 2.729655 norm 0.1805 lr_muon 2.00e-02 lr_adam 1.20e-03 tok_s 131547 | 11701/19073 (61.3%) | elapsed 13h02m | eta 8h09m
11710 train 2.821769 norm 0.1794 lr_muon 2.00e-02 lr_adam 1.20e-03 tok_s 131602 | 11711/19073 (61.4%) | elapsed 13h02m | eta 8h08m
11720 train 2.862085 norm 0.2875 lr_muon 2.00e-02 lr_adam 1.20e-03 tok_s 131638 | 11721/19073 (61.5%) | elapsed 13h03m | eta 8h08m
11730 train 2.780994 norm 0.2331 lr_muon 2.00e-02 lr_adam 1.20e-03 tok_s 131544 | 11731/19073 (61.5%) | elapsed 13h04m | eta 8h07m
11740 train 2.751055 norm 0.1869 lr_muon 2.00e-02 lr_adam 1.20e-03 tok_s 131553 | 11741/19073 (61.6%) | elapsed 13h04m | eta 8h06m
11750 val 3.117794
step 11750 | val loss 3.1178
11750 train 2.699625 norm 0.1742 lr_muon 2.00e-02 lr_adam 1.20e-03 tok_s 84030 | 11751/19073 (61.6%) | elapsed 13h05m | eta 8h33m
11760 train 2.656325 norm 0.1566 lr_muon 2.00e-02 lr_adam 1.20e-03 tok_s 131580 | 11761/19073 (61.7%) | elapsed 13h06m | eta 8h14m
11770 train 2.888453 norm 0.1880 lr_muon 2.00e-02 lr_adam 1.20e-03 tok_s 131667 | 11771/19073 (61.7%) | elapsed 13h06m | eta 8h08m
11780 train 2.727339 norm 0.1739 lr_muon 2.00e-02 lr_adam 1.20e-03 tok_s 131586 | 11781/19073 (61.8%) | elapsed 13h07m | eta 8h05m
11790 train 2.705307 norm 0.1684 lr_muon 2.00e-02 lr_adam 1.20e-03 tok_s 131411 | 11791/19073 (61.8%) | elapsed 13h08m | eta 8h03m
11800 train 2.732830 norm 0.1999 lr_muon 2.00e-02 lr_adam 1.20e-03 tok_s 131632 | 11801/19073 (61.9%) | elapsed 13h08m | eta 8h02m
11810 train 2.710088 norm 0.1717 lr_muon 2.00e-02 lr_adam 1.20e-03 tok_s 131809 | 11811/19073 (61.9%) | elapsed 13h09m | eta 8h02m
11820 train 2.829080 norm 0.2043 lr_muon 2.00e-02 lr_adam 1.20e-03 tok_s 131534 | 11821/19073 (62.0%) | elapsed 13h10m | eta 8h01m
11830 train 2.685485 norm 0.1815 lr_muon 2.00e-02 lr_adam 1.20e-03 tok_s 131415 | 11831/19073 (62.0%) | elapsed 13h10m | eta 8h01m
11840 train 2.688647 norm 0.1852 lr_muon 2.00e-02 lr_adam 1.20e-03 tok_s 131642 | 11841/19073 (62.1%) | elapsed 13h11m | eta 8h00m
11850 train 2.735643 norm 0.1787 lr_muon 2.00e-02 lr_adam 1.20e-03 tok_s 131300 | 11851/19073 (62.1%) | elapsed 13h12m | eta 7h59m
11860 train 2.725651 norm 0.2296 lr_muon 2.00e-02 lr_adam 1.20e-03 tok_s 131187 | 11861/19073 (62.2%) | elapsed 13h12m | eta 8h07m
11870 train 2.865748 norm 0.1626 lr_muon 2.00e-02 lr_adam 1.20e-03 tok_s 131381 | 11871/19073 (62.2%) | elapsed 13h13m | eta 8h04m
11880 train 2.735963 norm 0.2049 lr_muon 2.00e-02 lr_adam 1.20e-03 tok_s 131557 | 11881/19073 (62.3%) | elapsed 13h14m | eta 8h00m
11890 train 2.692964 norm 0.1751 lr_muon 2.00e-02 lr_adam 1.20e-03 tok_s 131356 | 11891/19073 (62.3%) | elapsed 13h14m | eta 7h58m
11900 train 2.682394 norm 0.1628 lr_muon 2.00e-02 lr_adam 1.20e-03 tok_s 131400 | 11901/19073 (62.4%) | elapsed 13h15m | eta 7h57m
11910 train 2.625965 norm 0.1721 lr_muon 2.00e-02 lr_adam 1.20e-03 tok_s 131783 | 11911/19073 (62.4%) | elapsed 13h16m | eta 7h55m
11920 train 2.894953 norm 0.1889 lr_muon 2.00e-02 lr_adam 1.20e-03 tok_s 131731 | 11921/19073 (62.5%) | elapsed 13h16m | eta 7h54m
11930 train 2.710378 norm 0.1881 lr_muon 2.00e-02 lr_adam 1.20e-03 tok_s 131579 | 11931/19073 (62.6%) | elapsed 13h17m | eta 7h53m
11940 train 2.802729 norm 0.1823 lr_muon 2.00e-02 lr_adam 1.20e-03 tok_s 131572 | 11941/19073 (62.6%) | elapsed 13h18m | eta 7h53m
11950 train 2.745950 norm 0.1634 lr_muon 2.00e-02 lr_adam 1.20e-03 tok_s 131430 | 11951/19073 (62.7%) | elapsed 13h18m | eta 7h52m
11960 train 2.787590 norm 0.2125 lr_muon 2.00e-02 lr_adam 1.20e-03 tok_s 131281 | 11961/19073 (62.7%) | elapsed 13h19m | eta 7h52m
11970 train 2.797770 norm 0.1941 lr_muon 2.00e-02 lr_adam 1.20e-03 tok_s 131726 | 11971/19073 (62.8%) | elapsed 13h20m | eta 7h51m
11980 train 2.793652 norm 0.2062 lr_muon 2.00e-02 lr_adam 1.20e-03 tok_s 131439 | 11981/19073 (62.8%) | elapsed 13h20m | eta 7h51m
11990 train 2.705452 norm 0.1714 lr_muon 2.00e-02 lr_adam 1.20e-03 tok_s 131433 | 11991/19073 (62.9%) | elapsed 13h21m | eta 7h50m
12000 val 3.117809
step 12000 | val loss 3.1178
12000 train 2.718497 norm 0.1829 lr_muon 2.00e-02 lr_adam 1.20e-03 tok_s 80710 | 12001/19073 (62.9%) | elapsed 13h22m | eta 8h18m
--- samples @ step 12000 ---
[sample 0] " The Set includes both a profile and a more than 3 progressive synopsis or recap of the greatest play of literature, including the very interesting Arabian variety. The volume's typical narrow characters are far better allegorical than settings, likely provoking a laugh and bewitched.\nHere are other items featured of the"
[sample 1] " Essential Reading List by Jonathan Donoham.\n- Bogisch's Literature: A Critical and Comprehensive Approach by Nathaniel Rich Manach.\n- Easterberg's Great Visions of Michael Manchester: The first part of the era.\n- Ross's Golden Hallways.<|endoftext|>(See Plastic Empire)"
saved checkpoint -> /workspace/runs/modern_1024x24/checkpoints/ckpt_012000.pt
12010 train 2.740409 norm 0.2190 lr_muon 2.00e-02 lr_adam 1.20e-03 tok_s 131807 | 12011/19073 (63.0%) | elapsed 13h23m | eta 7h58m
12020 train 2.841600 norm 0.1686 lr_muon 2.00e-02 lr_adam 1.20e-03 tok_s 131487 | 12021/19073 (63.0%) | elapsed 13h23m | eta 7h51m
12030 train 2.692432 norm 0.1826 lr_muon 2.00e-02 lr_adam 1.20e-03 tok_s 131339 | 12031/19073 (63.1%) | elapsed 13h24m | eta 7h48m
12040 train 2.705504 norm 0.2200 lr_muon 2.00e-02 lr_adam 1.20e-03 tok_s 131871 | 12041/19073 (63.1%) | elapsed 13h25m | eta 7h47m
12050 train 2.696967 norm 0.1684 lr_muon 2.00e-02 lr_adam 1.20e-03 tok_s 131605 | 12051/19073 (63.2%) | elapsed 13h25m | eta 7h46m
12060 train 2.703257 norm 0.1849 lr_muon 2.00e-02 lr_adam 1.20e-03 tok_s 131477 | 12061/19073 (63.2%) | elapsed 13h26m | eta 7h45m
12070 train 2.872543 norm 0.1843 lr_muon 2.00e-02 lr_adam 1.20e-03 tok_s 131707 | 12071/19073 (63.3%) | elapsed 13h27m | eta 7h44m
12080 train 2.726284 norm 0.1816 lr_muon 2.00e-02 lr_adam 1.20e-03 tok_s 131805 | 12081/19073 (63.3%) | elapsed 13h27m | eta 7h44m
12090 train 2.791414 norm 0.1718 lr_muon 2.00e-02 lr_adam 1.20e-03 tok_s 131394 | 12091/19073 (63.4%) | elapsed 13h28m | eta 7h43m
12100 train 2.721215 norm 0.1769 lr_muon 2.00e-02 lr_adam 1.20e-03 tok_s 131081 | 12101/19073 (63.4%) | elapsed 13h29m | eta 7h46m
12110 train 2.695991 norm 0.1766 lr_muon 2.00e-02 lr_adam 1.20e-03 tok_s 131409 | 12111/19073 (63.5%) | elapsed 13h29m | eta 7h43m
12120 train 2.902316 norm 0.1842 lr_muon 2.00e-02 lr_adam 1.20e-03 tok_s 131698 | 12121/19073 (63.6%) | elapsed 13h30m | eta 7h42m
12130 train 2.748099 norm 0.2038 lr_muon 2.00e-02 lr_adam 1.20e-03 tok_s 131590 | 12131/19073 (63.6%) | elapsed 13h31m | eta 7h41m
12140 train 2.756737 norm 0.1973 lr_muon 2.00e-02 lr_adam 1.20e-03 tok_s 131378 | 12141/19073 (63.7%) | elapsed 13h31m | eta 7h40m
12150 train 2.721818 norm 0.1831 lr_muon 2.00e-02 lr_adam 1.20e-03 tok_s 131365 | 12151/19073 (63.7%) | elapsed 13h32m | eta 7h39m
12160 train 2.737921 norm 0.1616 lr_muon 2.00e-02 lr_adam 1.20e-03 tok_s 131522 | 12161/19073 (63.8%) | elapsed 13h33m | eta 7h39m
12170 train 2.956687 norm 0.2107 lr_muon 2.00e-02 lr_adam 1.20e-03 tok_s 131589 | 12171/19073 (63.8%) | elapsed 13h33m | eta 7h38m
12180 train 2.750895 norm 0.1835 lr_muon 2.00e-02 lr_adam 1.20e-03 tok_s 131594 | 12181/19073 (63.9%) | elapsed 13h34m | eta 7h37m
12190 train 2.668537 norm 0.1549 lr_muon 2.00e-02 lr_adam 1.20e-03 tok_s 131834 | 12191/19073 (63.9%) | elapsed 13h35m | eta 7h36m
12200 train 2.815498 norm 0.2110 lr_muon 2.00e-02 lr_adam 1.20e-03 tok_s 131816 | 12201/19073 (64.0%) | elapsed 13h35m | eta 7h35m
12210 train 2.731565 norm 0.2065 lr_muon 2.00e-02 lr_adam 1.20e-03 tok_s 131581 | 12211/19073 (64.0%) | elapsed 13h36m | eta 7h35m
12220 train 2.850337 norm 0.1954 lr_muon 2.00e-02 lr_adam 1.20e-03 tok_s 131580 | 12221/19073 (64.1%) | elapsed 13h37m | eta 7h35m
12230 train 2.750960 norm 0.1872 lr_muon 2.00e-02 lr_adam 1.20e-03 tok_s 131417 | 12231/19073 (64.1%) | elapsed 13h37m | eta 7h34m
12240 train 2.666025 norm 0.1908 lr_muon 2.00e-02 lr_adam 1.20e-03 tok_s 131392 | 12241/19073 (64.2%) | elapsed 13h38m | eta 7h34m
12250 val 3.121362
step 12250 | val loss 3.1214
12250 train 2.737173 norm 0.1862 lr_muon 2.00e-02 lr_adam 1.20e-03 tok_s 81708 | 12251/19073 (64.2%) | elapsed 13h39m | eta 8h01m
12260 train 2.730294 norm 0.1499 lr_muon 2.00e-02 lr_adam 1.20e-03 tok_s 131638 | 12261/19073 (64.3%) | elapsed 13h39m | eta 7h42m
12270 train 2.840534 norm 0.2080 lr_muon 2.00e-02 lr_adam 1.20e-03 tok_s 131346 | 12271/19073 (64.3%) | elapsed 13h40m | eta 7h35m
12280 train 2.589061 norm 0.2044 lr_muon 2.00e-02 lr_adam 1.20e-03 tok_s 131542 | 12281/19073 (64.4%) | elapsed 13h41m | eta 7h32m
12290 train 2.756628 norm 0.1831 lr_muon 2.00e-02 lr_adam 1.20e-03 tok_s 131577 | 12291/19073 (64.4%) | elapsed 13h41m | eta 7h30m
12300 train 2.675602 norm 0.1821 lr_muon 2.00e-02 lr_adam 1.20e-03 tok_s 131507 | 12301/19073 (64.5%) | elapsed 13h42m | eta 7h29m
12310 train 2.715581 norm 0.1853 lr_muon 2.00e-02 lr_adam 1.20e-03 tok_s 131715 | 12311/19073 (64.5%) | elapsed 13h43m | eta 7h28m
12320 train 2.855822 norm 0.1797 lr_muon 2.00e-02 lr_adam 1.20e-03 tok_s 131605 | 12321/19073 (64.6%) | elapsed 13h43m | eta 7h28m
12330 train 2.712499 norm 0.1561 lr_muon 2.00e-02 lr_adam 1.20e-03 tok_s 131711 | 12331/19073 (64.7%) | elapsed 13h44m | eta 7h31m
12340 train 2.817021 norm 0.1551 lr_muon 2.00e-02 lr_adam 1.20e-03 tok_s 131878 | 12341/19073 (64.7%) | elapsed 13h45m | eta 7h28m
12350 train 2.809835 norm 0.1930 lr_muon 2.00e-02 lr_adam 1.20e-03 tok_s 131629 | 12351/19073 (64.8%) | elapsed 13h45m | eta 7h26m
12360 train 2.682371 norm 0.1869 lr_muon 2.00e-02 lr_adam 1.20e-03 tok_s 131550 | 12361/19073 (64.8%) | elapsed 13h46m | eta 7h25m
12370 train 2.821473 norm 0.1733 lr_muon 2.00e-02 lr_adam 1.20e-03 tok_s 131582 | 12371/19073 (64.9%) | elapsed 13h47m | eta 7h25m
12380 train 2.699563 norm 0.2258 lr_muon 2.00e-02 lr_adam 1.20e-03 tok_s 131475 | 12381/19073 (64.9%) | elapsed 13h47m | eta 7h24m
12390 train 2.709334 norm 0.2273 lr_muon 2.00e-02 lr_adam 1.20e-03 tok_s 131448 | 12391/19073 (65.0%) | elapsed 13h48m | eta 7h23m
12400 train 2.705001 norm 0.1812 lr_muon 2.00e-02 lr_adam 1.20e-03 tok_s 132177 | 12401/19073 (65.0%) | elapsed 13h49m | eta 7h23m
12410 train 2.739386 norm 0.2037 lr_muon 2.00e-02 lr_adam 1.20e-03 tok_s 131597 | 12411/19073 (65.1%) | elapsed 13h49m | eta 7h22m
12420 train 2.917351 norm 0.1724 lr_muon 2.00e-02 lr_adam 1.20e-03 tok_s 131624 | 12421/19073 (65.1%) | elapsed 13h50m | eta 7h21m
12430 train 2.710606 norm 0.1683 lr_muon 2.00e-02 lr_adam 1.20e-03 tok_s 131887 | 12431/19073 (65.2%) | elapsed 13h51m | eta 7h20m
12440 train 2.748882 norm 0.2078 lr_muon 2.00e-02 lr_adam 1.20e-03 tok_s 131692 | 12441/19073 (65.2%) | elapsed 13h51m | eta 7h20m
12450 train 2.672280 norm 0.2023 lr_muon 2.00e-02 lr_adam 1.20e-03 tok_s 131701 | 12451/19073 (65.3%) | elapsed 13h52m | eta 7h19m
12460 train 2.748792 norm 0.1795 lr_muon 2.00e-02 lr_adam 1.20e-03 tok_s 131975 | 12461/19073 (65.3%) | elapsed 13h53m | eta 7h18m
12470 train 2.856643 norm 0.1713 lr_muon 2.00e-02 lr_adam 1.20e-03 tok_s 131699 | 12471/19073 (65.4%) | elapsed 13h53m | eta 7h18m
12480 train 2.767944 norm 0.1788 lr_muon 2.00e-02 lr_adam 1.20e-03 tok_s 131619 | 12481/19073 (65.4%) | elapsed 13h54m | eta 7h17m
12490 train 2.657633 norm 0.1550 lr_muon 2.00e-02 lr_adam 1.20e-03 tok_s 131445 | 12491/19073 (65.5%) | elapsed 13h55m | eta 7h16m
12500 val 3.115348
step 12500 | val loss 3.1153
12500 train 2.761112 norm 0.1884 lr_muon 2.00e-02 lr_adam 1.20e-03 tok_s 82592 | 12501/19073 (65.5%) | elapsed 13h55m | eta 7h42m
12510 train 2.649044 norm 0.1500 lr_muon 2.00e-02 lr_adam 1.20e-03 tok_s 131370 | 12511/19073 (65.6%) | elapsed 13h56m | eta 7h25m
12520 train 3.008703 norm 0.1859 lr_muon 2.00e-02 lr_adam 1.20e-03 tok_s 131655 | 12521/19073 (65.6%) | elapsed 13h57m | eta 7h18m
12530 train 2.749014 norm 0.1506 lr_muon 2.00e-02 lr_adam 1.20e-03 tok_s 131714 | 12531/19073 (65.7%) | elapsed 13h57m | eta 7h15m
12540 train 2.752115 norm 0.1903 lr_muon 2.00e-02 lr_adam 1.20e-03 tok_s 131857 | 12541/19073 (65.8%) | elapsed 13h58m | eta 7h13m
12550 train 2.713355 norm 0.1506 lr_muon 2.00e-02 lr_adam 1.20e-03 tok_s 130944 | 12551/19073 (65.8%) | elapsed 13h59m | eta 7h13m
12560 train 2.781223 norm 0.1847 lr_muon 2.00e-02 lr_adam 1.20e-03 tok_s 131830 | 12561/19073 (65.9%) | elapsed 13h59m | eta 7h17m
12570 train 2.831909 norm 0.2187 lr_muon 2.00e-02 lr_adam 1.20e-03 tok_s 131606 | 12571/19073 (65.9%) | elapsed 14h00m | eta 7h13m
12580 train 2.719962 norm 0.1759 lr_muon 2.00e-02 lr_adam 1.20e-03 tok_s 131746 | 12581/19073 (66.0%) | elapsed 14h01m | eta 7h11m
12590 train 2.707483 norm 0.1682 lr_muon 2.00e-02 lr_adam 1.20e-03 tok_s 131827 | 12591/19073 (66.0%) | elapsed 14h01m | eta 7h10m
12600 train 2.730268 norm 0.1684 lr_muon 2.00e-02 lr_adam 1.20e-03 tok_s 131156 | 12601/19073 (66.1%) | elapsed 14h02m | eta 7h09m
12610 train 2.732649 norm 0.1484 lr_muon 2.00e-02 lr_adam 1.20e-03 tok_s 131747 | 12611/19073 (66.1%) | elapsed 14h03m | eta 7h08m
12620 train 2.804884 norm 0.2091 lr_muon 2.00e-02 lr_adam 1.20e-03 tok_s 131840 | 12621/19073 (66.2%) | elapsed 14h03m | eta 7h07m
12630 train 2.770135 norm 0.1802 lr_muon 2.00e-02 lr_adam 1.20e-03 tok_s 131720 | 12631/19073 (66.2%) | elapsed 14h04m | eta 7h07m
12640 train 2.683788 norm 0.2035 lr_muon 2.00e-02 lr_adam 1.20e-03 tok_s 131595 | 12641/19073 (66.3%) | elapsed 14h05m | eta 7h06m
12650 train 2.732660 norm 0.1860 lr_muon 2.00e-02 lr_adam 1.20e-03 tok_s 131819 | 12651/19073 (66.3%) | elapsed 14h05m | eta 7h05m
12660 train 2.666401 norm 0.1970 lr_muon 2.00e-02 lr_adam 1.20e-03 tok_s 131611 | 12661/19073 (66.4%) | elapsed 14h06m | eta 7h05m
12670 train 2.834243 norm 0.2044 lr_muon 2.00e-02 lr_adam 1.20e-03 tok_s 131865 | 12671/19073 (66.4%) | elapsed 14h07m | eta 7h04m
12680 train 2.780804 norm 0.2553 lr_muon 2.00e-02 lr_adam 1.20e-03 tok_s 131783 | 12681/19073 (66.5%) | elapsed 14h07m | eta 7h03m
12690 train 2.749646 norm 0.1656 lr_muon 2.00e-02 lr_adam 1.20e-03 tok_s 131862 | 12691/19073 (66.5%) | elapsed 14h08m | eta 7h03m
12700 train 2.671631 norm 0.1609 lr_muon 2.00e-02 lr_adam 1.20e-03 tok_s 131818 | 12701/19073 (66.6%) | elapsed 14h09m | eta 7h02m
12710 train 2.724160 norm 0.1593 lr_muon 2.00e-02 lr_adam 1.20e-03 tok_s 131806 | 12711/19073 (66.6%) | elapsed 14h09m | eta 7h01m
12720 train 2.870289 norm 0.1881 lr_muon 2.00e-02 lr_adam 1.20e-03 tok_s 131478 | 12721/19073 (66.7%) | elapsed 14h10m | eta 7h04m
12730 train 2.686017 norm 0.1555 lr_muon 2.00e-02 lr_adam 1.20e-03 tok_s 131652 | 12731/19073 (66.7%) | elapsed 14h11m | eta 7h01m
12740 train 2.680584 norm 0.1881 lr_muon 2.00e-02 lr_adam 1.20e-03 tok_s 131798 | 12741/19073 (66.8%) | elapsed 14h11m | eta 7h00m
12750 val 3.116111
step 12750 | val loss 3.1161
12750 train 2.737246 norm 0.2031 lr_muon 2.00e-02 lr_adam 1.20e-03 tok_s 79939 | 12751/19073 (66.9%) | elapsed 14h12m | eta 7h26m
12760 train 2.768036 norm 0.1749 lr_muon 2.00e-02 lr_adam 1.20e-03 tok_s 132036 | 12761/19073 (66.9%) | elapsed 14h13m | eta 7h08m
12770 train 2.826453 norm 0.2074 lr_muon 2.00e-02 lr_adam 1.20e-03 tok_s 131628 | 12771/19073 (67.0%) | elapsed 14h13m | eta 7h01m
12780 train 2.723224 norm 0.1861 lr_muon 2.00e-02 lr_adam 1.20e-03 tok_s 131827 | 12781/19073 (67.0%) | elapsed 14h14m | eta 6h58m
12790 train 2.684631 norm 0.1909 lr_muon 2.00e-02 lr_adam 1.20e-03 tok_s 132078 | 12791/19073 (67.1%) | elapsed 14h15m | eta 7h03m
12800 train 2.657572 norm 0.1684 lr_muon 2.00e-02 lr_adam 1.20e-03 tok_s 131535 | 12801/19073 (67.1%) | elapsed 14h15m | eta 6h58m
12810 train 2.781225 norm 0.1892 lr_muon 2.00e-02 lr_adam 1.20e-03 tok_s 131602 | 12811/19073 (67.2%) | elapsed 14h16m | eta 6h56m
12820 train 2.895855 norm 0.1532 lr_muon 2.00e-02 lr_adam 1.20e-03 tok_s 131687 | 12821/19073 (67.2%) | elapsed 14h17m | eta 6h55m
12830 train 2.690272 norm 0.1561 lr_muon 2.00e-02 lr_adam 1.20e-03 tok_s 131634 | 12831/19073 (67.3%) | elapsed 14h17m | eta 6h54m
12840 train 2.673551 norm 0.1756 lr_muon 2.00e-02 lr_adam 1.20e-03 tok_s 131687 | 12841/19073 (67.3%) | elapsed 14h18m | eta 6h53m
12850 train 2.745123 norm 0.1977 lr_muon 2.00e-02 lr_adam 1.20e-03 tok_s 131563 | 12851/19073 (67.4%) | elapsed 14h19m | eta 6h52m
12860 train 2.755260 norm 0.1636 lr_muon 2.00e-02 lr_adam 1.20e-03 tok_s 131643 | 12861/19073 (67.4%) | elapsed 14h19m | eta 6h52m
12870 train 2.749741 norm 0.2307 lr_muon 2.00e-02 lr_adam 1.20e-03 tok_s 131791 | 12871/19073 (67.5%) | elapsed 14h20m | eta 6h51m
12880 train 2.750581 norm 0.1933 lr_muon 2.00e-02 lr_adam 1.20e-03 tok_s 131798 | 12881/19073 (67.5%) | elapsed 14h21m | eta 6h50m
12890 train 2.671895 norm 0.1588 lr_muon 2.00e-02 lr_adam 1.20e-03 tok_s 131737 | 12891/19073 (67.6%) | elapsed 14h21m | eta 6h50m
12900 train 2.774912 norm 0.2182 lr_muon 2.00e-02 lr_adam 1.20e-03 tok_s 131579 | 12901/19073 (67.6%) | elapsed 14h22m | eta 6h50m
12910 train 2.788800 norm 0.1557 lr_muon 2.00e-02 lr_adam 1.20e-03 tok_s 131911 | 12911/19073 (67.7%) | elapsed 14h23m | eta 6h48m
12920 train 2.801465 norm 0.1576 lr_muon 2.00e-02 lr_adam 1.20e-03 tok_s 131654 | 12921/19073 (67.7%) | elapsed 14h23m | eta 6h48m
12930 train 2.717069 norm 0.1609 lr_muon 2.00e-02 lr_adam 1.20e-03 tok_s 131633 | 12931/19073 (67.8%) | elapsed 14h24m | eta 6h47m
12940 train 2.773013 norm 0.1956 lr_muon 2.00e-02 lr_adam 1.20e-03 tok_s 131764 | 12941/19073 (67.8%) | elapsed 14h25m | eta 6h46m
12950 train 2.760816 norm 0.1967 lr_muon 2.00e-02 lr_adam 1.20e-03 tok_s 131774 | 12951/19073 (67.9%) | elapsed 14h25m | eta 6h45m
12960 train 2.697183 norm 0.1998 lr_muon 2.00e-02 lr_adam 1.20e-03 tok_s 131769 | 12961/19073 (68.0%) | elapsed 14h26m | eta 6h45m
12970 train 2.817781 norm 0.1874 lr_muon 2.00e-02 lr_adam 1.20e-03 tok_s 131625 | 12971/19073 (68.0%) | elapsed 14h27m | eta 6h44m
12980 train 2.664394 norm 0.1752 lr_muon 2.00e-02 lr_adam 1.20e-03 tok_s 131711 | 12981/19073 (68.1%) | elapsed 14h27m | eta 6h44m
12990 train 2.753388 norm 0.2077 lr_muon 2.00e-02 lr_adam 1.20e-03 tok_s 131848 | 12991/19073 (68.1%) | elapsed 14h28m | eta 6h43m
13000 val 3.118628
step 13000 | val loss 3.1186
13000 train 2.686945 norm 0.1748 lr_muon 2.00e-02 lr_adam 1.20e-03 tok_s 81513 | 13001/19073 (68.2%) | elapsed 14h29m | eta 7h07m
saved checkpoint -> /workspace/runs/modern_1024x24/checkpoints/ckpt_013000.pt
13010 train 2.673967 norm 0.1398 lr_muon 2.00e-02 lr_adam 1.20e-03 tok_s 131659 | 13011/19073 (68.2%) | elapsed 14h29m | eta 6h50m
13020 train 2.905574 norm 0.2160 lr_muon 2.00e-02 lr_adam 1.20e-03 tok_s 131573 | 13021/19073 (68.3%) | elapsed 14h30m | eta 6h44m
13030 train 2.799496 norm 0.1784 lr_muon 2.00e-02 lr_adam 1.20e-03 tok_s 131840 | 13031/19073 (68.3%) | elapsed 14h31m | eta 6h44m
13040 train 2.698307 norm 0.2006 lr_muon 2.00e-02 lr_adam 1.20e-03 tok_s 131811 | 13041/19073 (68.4%) | elapsed 14h31m | eta 6h41m
13050 train 2.721051 norm 0.1763 lr_muon 2.00e-02 lr_adam 1.20e-03 tok_s 131753 | 13051/19073 (68.4%) | elapsed 14h32m | eta 6h39m
13060 train 2.747298 norm 0.1601 lr_muon 2.00e-02 lr_adam 1.20e-03 tok_s 131656 | 13061/19073 (68.5%) | elapsed 14h33m | eta 6h39m
13070 train 2.866037 norm 0.1654 lr_muon 2.00e-02 lr_adam 1.20e-03 tok_s 131761 | 13071/19073 (68.5%) | elapsed 14h33m | eta 6h38m
13080 train 3.861594 norm 1.9126 lr_muon 2.00e-02 lr_adam 1.20e-03 tok_s 131794 | 13081/19073 (68.6%) | elapsed 14h34m | eta 6h37m
13090 train 2.770135 norm 0.1661 lr_muon 2.00e-02 lr_adam 1.20e-03 tok_s 131547 | 13091/19073 (68.6%) | elapsed 14h35m | eta 6h37m
13100 train 2.747928 norm 0.1854 lr_muon 2.00e-02 lr_adam 1.20e-03 tok_s 131578 | 13101/19073 (68.7%) | elapsed 14h35m | eta 6h36m
13110 train 2.736812 norm 0.1786 lr_muon 2.00e-02 lr_adam 1.20e-03 tok_s 131584 | 13111/19073 (68.7%) | elapsed 14h36m | eta 6h36m
13120 train 2.869824 norm 0.1767 lr_muon 2.00e-02 lr_adam 1.20e-03 tok_s 131587 | 13121/19073 (68.8%) | elapsed 14h37m | eta 6h35m
13130 train 2.689309 norm 0.1875 lr_muon 2.00e-02 lr_adam 1.20e-03 tok_s 131542 | 13131/19073 (68.8%) | elapsed 14h37m | eta 6h34m
13140 train 2.675614 norm 0.1898 lr_muon 2.00e-02 lr_adam 1.20e-03 tok_s 131639 | 13141/19073 (68.9%) | elapsed 14h38m | eta 6h33m
13150 train 2.701918 norm 0.1794 lr_muon 2.00e-02 lr_adam 1.20e-03 tok_s 131717 | 13151/19073 (69.0%) | elapsed 14h39m | eta 6h33m
13160 train 2.749619 norm 0.1556 lr_muon 2.00e-02 lr_adam 1.20e-03 tok_s 131542 | 13161/19073 (69.0%) | elapsed 14h39m | eta 6h32m
13170 train 2.968753 norm 0.2412 lr_muon 2.00e-02 lr_adam 1.20e-03 tok_s 131727 | 13171/19073 (69.1%) | elapsed 14h40m | eta 6h31m
13180 train 2.696924 norm 0.1650 lr_muon 2.00e-02 lr_adam 1.20e-03 tok_s 131501 | 13181/19073 (69.1%) | elapsed 14h41m | eta 6h31m
13190 train 2.743149 norm 0.1670 lr_muon 2.00e-02 lr_adam 1.20e-03 tok_s 131862 | 13191/19073 (69.2%) | elapsed 14h41m | eta 6h30m
13200 train 2.717775 norm 0.1770 lr_muon 2.00e-02 lr_adam 1.20e-03 tok_s 131938 | 13201/19073 (69.2%) | elapsed 14h42m | eta 6h29m
13210 train 2.732016 norm 0.1731 lr_muon 2.00e-02 lr_adam 1.20e-03 tok_s 131841 | 13211/19073 (69.3%) | elapsed 14h43m | eta 6h28m
13220 train 2.847923 norm 0.1794 lr_muon 2.00e-02 lr_adam 1.20e-03 tok_s 131615 | 13221/19073 (69.3%) | elapsed 14h43m | eta 6h28m
13230 train 2.955233 norm 0.1768 lr_muon 2.00e-02 lr_adam 1.20e-03 tok_s 131688 | 13231/19073 (69.4%) | elapsed 14h44m | eta 6h27m
13240 train 2.570524 norm 0.1661 lr_muon 2.00e-02 lr_adam 1.20e-03 tok_s 131786 | 13241/19073 (69.4%) | elapsed 14h45m | eta 6h26m
13250 val 3.111426
step 13250 | val loss 3.1114
13250 train 2.750561 norm 0.1855 lr_muon 2.00e-02 lr_adam 1.20e-03 tok_s 80747 | 13251/19073 (69.5%) | elapsed 14h45m | eta 6h50m
13260 train 2.761462 norm 0.2815 lr_muon 2.00e-02 lr_adam 1.20e-03 tok_s 131675 | 13261/19073 (69.5%) | elapsed 14h46m | eta 6h38m
13270 train 2.823303 norm 0.1719 lr_muon 2.00e-02 lr_adam 1.20e-03 tok_s 131400 | 13271/19073 (69.6%) | elapsed 14h47m | eta 6h29m
13280 train 2.739557 norm 0.1749 lr_muon 2.00e-02 lr_adam 1.20e-03 tok_s 131680 | 13281/19073 (69.6%) | elapsed 14h47m | eta 6h26m
13290 train 2.749818 norm 0.1762 lr_muon 2.00e-02 lr_adam 1.20e-03 tok_s 131611 | 13291/19073 (69.7%) | elapsed 14h48m | eta 6h24m
13300 train 2.758646 norm 0.1720 lr_muon 2.00e-02 lr_adam 1.20e-03 tok_s 131545 | 13301/19073 (69.7%) | elapsed 14h49m | eta 6h23m
13310 train 2.721508 norm 0.2357 lr_muon 2.00e-02 lr_adam 1.20e-03 tok_s 131715 | 13311/19073 (69.8%) | elapsed 14h49m | eta 6h22m
13320 train 2.899453 norm 0.1632 lr_muon 2.00e-02 lr_adam 1.20e-03 tok_s 131491 | 13321/19073 (69.8%) | elapsed 14h50m | eta 6h21m
13330 train 2.746176 norm 0.1852 lr_muon 2.00e-02 lr_adam 1.20e-03 tok_s 131508 | 13331/19073 (69.9%) | elapsed 14h51m | eta 6h21m
13340 train 2.695828 norm 0.1705 lr_muon 2.00e-02 lr_adam 1.20e-03 tok_s 131690 | 13341/19073 (69.9%) | elapsed 14h51m | eta 6h20m
13350 train 2.690620 norm 0.1577 lr_muon 2.00e-02 lr_adam 1.20e-03 tok_s 131164 | 13351/19073 (70.0%) | elapsed 14h52m | eta 6h19m
13360 train 2.689273 norm 0.1777 lr_muon 2.00e-02 lr_adam 1.20e-03 tok_s 131820 | 13361/19073 (70.1%) | elapsed 14h53m | eta 6h19m
13370 train 2.766736 norm 0.1619 lr_muon 2.00e-02 lr_adam 1.20e-03 tok_s 131553 | 13371/19073 (70.1%) | elapsed 14h53m | eta 6h18m
13380 train 2.722286 norm 0.1857 lr_muon 2.00e-02 lr_adam 1.20e-03 tok_s 131470 | 13381/19073 (70.2%) | elapsed 14h54m | eta 6h17m
13390 train 2.702322 norm 0.1488 lr_muon 2.00e-02 lr_adam 1.20e-03 tok_s 131873 | 13391/19073 (70.2%) | elapsed 14h55m | eta 6h17m
13400 train 2.703358 norm 0.1496 lr_muon 2.00e-02 lr_adam 1.20e-03 tok_s 131599 | 13401/19073 (70.3%) | elapsed 14h55m | eta 6h16m
13410 train 2.622316 norm 0.1689 lr_muon 2.00e-02 lr_adam 1.20e-03 tok_s 131565 | 13411/19073 (70.3%) | elapsed 14h56m | eta 6h15m
13420 train 2.887590 norm 0.1981 lr_muon 2.00e-02 lr_adam 1.20e-03 tok_s 131773 | 13421/19073 (70.4%) | elapsed 14h57m | eta 6h14m
13430 train 2.680938 norm 0.1844 lr_muon 2.00e-02 lr_adam 1.20e-03 tok_s 131719 | 13431/19073 (70.4%) | elapsed 14h57m | eta 6h14m
13440 train 2.659546 norm 0.1791 lr_muon 2.00e-02 lr_adam 1.20e-03 tok_s 131807 | 13441/19073 (70.5%) | elapsed 14h58m | eta 6h13m
13450 train 2.721921 norm 0.1489 lr_muon 2.00e-02 lr_adam 1.20e-03 tok_s 131692 | 13451/19073 (70.5%) | elapsed 14h59m | eta 6h13m
13460 train 2.815701 norm 0.1818 lr_muon 2.00e-02 lr_adam 1.20e-03 tok_s 131907 | 13461/19073 (70.6%) | elapsed 14h59m | eta 6h12m
13470 train 2.740269 norm 0.2150 lr_muon 2.00e-02 lr_adam 1.20e-03 tok_s 130914 | 13471/19073 (70.6%) | elapsed 15h00m | eta 6h11m
13480 train 2.724305 norm 0.1697 lr_muon 2.00e-02 lr_adam 1.20e-03 tok_s 132020 | 13481/19073 (70.7%) | elapsed 15h01m | eta 6h10m
13490 train 2.737957 norm 0.1743 lr_muon 2.00e-02 lr_adam 1.20e-03 tok_s 132108 | 13491/19073 (70.7%) | elapsed 15h01m | eta 6h14m
13500 val 3.105073
step 13500 | val loss 3.1051
13500 train 2.692976 norm 0.1792 lr_muon 2.00e-02 lr_adam 1.20e-03 tok_s 82437 | 13501/19073 (70.8%) | elapsed 15h02m | eta 6h32m
13510 train 2.678687 norm 0.1881 lr_muon 2.00e-02 lr_adam 1.20e-03 tok_s 132505 | 13511/19073 (70.8%) | elapsed 15h03m | eta 6h15m
13520 train 2.855288 norm 0.1544 lr_muon 2.00e-02 lr_adam 1.20e-03 tok_s 132411 | 13521/19073 (70.9%) | elapsed 15h03m | eta 6h09m
13530 train 2.695639 norm 0.2198 lr_muon 2.00e-02 lr_adam 1.20e-03 tok_s 131627 | 13531/19073 (70.9%) | elapsed 15h04m | eta 6h08m
13540 train 2.723786 norm 0.1546 lr_muon 2.00e-02 lr_adam 1.20e-03 tok_s 131583 | 13541/19073 (71.0%) | elapsed 15h05m | eta 6h07m
13550 train 2.717986 norm 0.1693 lr_muon 2.00e-02 lr_adam 1.20e-03 tok_s 131891 | 13551/19073 (71.0%) | elapsed 15h05m | eta 6h06m
13560 train 2.681759 norm 0.2425 lr_muon 2.00e-02 lr_adam 1.20e-03 tok_s 131943 | 13561/19073 (71.1%) | elapsed 15h06m | eta 6h05m
13570 train 2.820113 norm 0.1548 lr_muon 2.00e-02 lr_adam 1.20e-03 tok_s 132272 | 13571/19073 (71.2%) | elapsed 15h07m | eta 6h03m
13580 train 2.742405 norm 0.1714 lr_muon 2.00e-02 lr_adam 1.20e-03 tok_s 132409 | 13581/19073 (71.2%) | elapsed 15h07m | eta 6h03m
13590 train 2.701784 norm 0.1571 lr_muon 2.00e-02 lr_adam 1.20e-03 tok_s 132253 | 13591/19073 (71.3%) | elapsed 15h08m | eta 6h02m
13600 train 2.722329 norm 0.1633 lr_muon 2.00e-02 lr_adam 1.20e-03 tok_s 132128 | 13601/19073 (71.3%) | elapsed 15h09m | eta 6h01m
13610 train 2.668488 norm 0.1824 lr_muon 2.00e-02 lr_adam 1.20e-03 tok_s 132249 | 13611/19073 (71.4%) | elapsed 15h09m | eta 6h00m
13620 train 2.854790 norm 0.1483 lr_muon 2.00e-02 lr_adam 1.20e-03 tok_s 132550 | 13621/19073 (71.4%) | elapsed 15h10m | eta 5h59m
13630 train 2.756445 norm 0.2028 lr_muon 2.00e-02 lr_adam 1.20e-03 tok_s 132279 | 13631/19073 (71.5%) | elapsed 15h11m | eta 5h59m
13640 train 2.693597 norm 0.1490 lr_muon 2.00e-02 lr_adam 1.20e-03 tok_s 132499 | 13641/19073 (71.5%) | elapsed 15h11m | eta 5h58m
13650 train 2.679868 norm 0.2024 lr_muon 2.00e-02 lr_adam 1.20e-03 tok_s 132526 | 13651/19073 (71.6%) | elapsed 15h12m | eta 5h57m
13660 train 2.702867 norm 0.1586 lr_muon 2.00e-02 lr_adam 1.20e-03 tok_s 132278 | 13661/19073 (71.6%) | elapsed 15h13m | eta 5h57m
13670 train 2.852749 norm 0.1852 lr_muon 2.00e-02 lr_adam 1.20e-03 tok_s 131549 | 13671/19073 (71.7%) | elapsed 15h13m | eta 5h57m
13680 train 2.723887 norm 0.1623 lr_muon 2.00e-02 lr_adam 1.20e-03 tok_s 131701 | 13681/19073 (71.7%) | elapsed 15h14m | eta 5h57m
13690 train 2.725441 norm 0.1799 lr_muon 2.00e-02 lr_adam 1.20e-03 tok_s 132248 | 13691/19073 (71.8%) | elapsed 15h15m | eta 5h56m
13700 train 2.614399 norm 0.1480 lr_muon 2.00e-02 lr_adam 1.20e-03 tok_s 132294 | 13701/19073 (71.8%) | elapsed 15h15m | eta 5h55m
13710 train 2.763435 norm 0.1992 lr_muon 2.00e-02 lr_adam 1.20e-03 tok_s 132706 | 13711/19073 (71.9%) | elapsed 15h16m | eta 5h54m
13720 train 2.869576 norm 0.2120 lr_muon 2.00e-02 lr_adam 1.20e-03 tok_s 107125 | 13721/19073 (71.9%) | elapsed 15h17m | eta 6h01m
13730 train 2.697624 norm 0.1990 lr_muon 2.00e-02 lr_adam 1.20e-03 tok_s 132446 | 13731/19073 (72.0%) | elapsed 15h17m | eta 5h55m
13740 train 2.697582 norm 0.1590 lr_muon 2.00e-02 lr_adam 1.20e-03 tok_s 132572 | 13741/19073 (72.0%) | elapsed 15h18m | eta 5h52m
13750 val 3.114370
step 13750 | val loss 3.1144
13750 train 2.696843 norm 0.1843 lr_muon 2.00e-02 lr_adam 1.20e-03 tok_s 82253 | 13751/19073 (72.1%) | elapsed 15h19m | eta 6h12m
13760 train 2.716205 norm 0.1608 lr_muon 2.00e-02 lr_adam 1.20e-03 tok_s 132448 | 13761/19073 (72.1%) | elapsed 15h19m | eta 5h57m
13770 train 2.898671 norm 0.2340 lr_muon 2.00e-02 lr_adam 1.20e-03 tok_s 132393 | 13771/19073 (72.2%) | elapsed 15h20m | eta 5h52m
13780 train 2.783341 norm 0.1723 lr_muon 2.00e-02 lr_adam 1.20e-03 tok_s 132338 | 13781/19073 (72.3%) | elapsed 15h21m | eta 5h52m
13790 train 2.748190 norm 0.1561 lr_muon 2.00e-02 lr_adam 1.20e-03 tok_s 132300 | 13791/19073 (72.3%) | elapsed 15h21m | eta 5h49m
13800 train 2.748950 norm 0.2021 lr_muon 2.00e-02 lr_adam 1.20e-03 tok_s 132210 | 13801/19073 (72.4%) | elapsed 15h22m | eta 5h49m
13810 train 2.685149 norm 0.1645 lr_muon 2.00e-02 lr_adam 1.20e-03 tok_s 132143 | 13811/19073 (72.4%) | elapsed 15h23m | eta 5h47m
13820 train 2.829699 norm 0.2016 lr_muon 2.00e-02 lr_adam 1.20e-03 tok_s 131996 | 13821/19073 (72.5%) | elapsed 15h23m | eta 5h46m
13830 train 2.728237 norm 0.1830 lr_muon 2.00e-02 lr_adam 1.20e-03 tok_s 132502 | 13831/19073 (72.5%) | elapsed 15h24m | eta 5h46m
13840 train 2.735035 norm 0.2057 lr_muon 2.00e-02 lr_adam 1.20e-03 tok_s 132436 | 13841/19073 (72.6%) | elapsed 15h25m | eta 5h45m
13850 train 2.780918 norm 0.2315 lr_muon 2.00e-02 lr_adam 1.20e-03 tok_s 131987 | 13851/19073 (72.6%) | elapsed 15h25m | eta 5h44m
13860 train 2.677970 norm 0.1894 lr_muon 2.00e-02 lr_adam 1.20e-03 tok_s 132245 | 13861/19073 (72.7%) | elapsed 15h26m | eta 5h44m
13870 train 2.798083 norm 0.1954 lr_muon 2.00e-02 lr_adam 1.20e-03 tok_s 132392 | 13871/19073 (72.7%) | elapsed 15h27m | eta 5h43m
13880 train 2.715164 norm 0.1973 lr_muon 2.00e-02 lr_adam 1.20e-03 tok_s 132224 | 13881/19073 (72.8%) | elapsed 15h27m | eta 5h42m
13890 train 2.680997 norm 0.1689 lr_muon 2.00e-02 lr_adam 1.20e-03 tok_s 131768 | 13891/19073 (72.8%) | elapsed 15h28m | eta 5h43m
13900 train 2.793693 norm 0.1904 lr_muon 2.00e-02 lr_adam 1.20e-03 tok_s 131396 | 13901/19073 (72.9%) | elapsed 15h29m | eta 5h43m
13910 train 2.662757 norm 0.1959 lr_muon 2.00e-02 lr_adam 1.20e-03 tok_s 131633 | 13911/19073 (72.9%) | elapsed 15h29m | eta 5h42m
13920 train 2.808857 norm 0.1615 lr_muon 2.00e-02 lr_adam 1.20e-03 tok_s 131904 | 13921/19073 (73.0%) | elapsed 15h30m | eta 5h41m
13930 train 2.734695 norm 0.2190 lr_muon 2.00e-02 lr_adam 1.20e-03 tok_s 132132 | 13931/19073 (73.0%) | elapsed 15h31m | eta 5h40m
13940 train 2.739753 norm 0.1774 lr_muon 2.00e-02 lr_adam 1.20e-03 tok_s 132049 | 13941/19073 (73.1%) | elapsed 15h31m | eta 5h39m
13950 train 2.683748 norm 0.1525 lr_muon 2.00e-02 lr_adam 1.20e-03 tok_s 132210 | 13951/19073 (73.1%) | elapsed 15h32m | eta 5h38m
13960 train 2.735995 norm 0.1692 lr_muon 2.00e-02 lr_adam 1.20e-03 tok_s 132358 | 13961/19073 (73.2%) | elapsed 15h33m | eta 5h39m
13970 train 2.841737 norm 0.1968 lr_muon 2.00e-02 lr_adam 1.20e-03 tok_s 131721 | 13971/19073 (73.3%) | elapsed 15h33m | eta 5h38m
13980 train 2.750419 norm 0.1806 lr_muon 2.00e-02 lr_adam 1.20e-03 tok_s 131905 | 13981/19073 (73.3%) | elapsed 15h34m | eta 5h37m
13990 train 2.700992 norm 0.2017 lr_muon 2.00e-02 lr_adam 1.20e-03 tok_s 131900 | 13991/19073 (73.4%) | elapsed 15h35m | eta 5h36m
14000 val 3.113941
step 14000 | val loss 3.1139
14000 train 2.655927 norm 0.2091 lr_muon 2.00e-02 lr_adam 1.20e-03 tok_s 79646 | 14001/19073 (73.4%) | elapsed 15h35m | eta 5h58m
saved checkpoint -> /workspace/runs/modern_1024x24/checkpoints/ckpt_014000.pt
14010 train 2.684590 norm 0.1608 lr_muon 2.00e-02 lr_adam 1.20e-03 tok_s 131970 | 14011/19073 (73.5%) | elapsed 15h36m | eta 5h42m
14020 train 2.893914 norm 0.1890 lr_muon 2.00e-02 lr_adam 1.20e-03 tok_s 131685 | 14021/19073 (73.5%) | elapsed 15h37m | eta 5h37m
14030 train 2.708137 norm 0.2059 lr_muon 2.00e-02 lr_adam 1.20e-03 tok_s 132444 | 14031/19073 (73.6%) | elapsed 15h37m | eta 5h34m
14040 train 2.690969 norm 0.1840 lr_muon 2.00e-02 lr_adam 1.20e-03 tok_s 131757 | 14041/19073 (73.6%) | elapsed 15h38m | eta 5h33m
14050 train 2.783090 norm 0.1696 lr_muon 2.00e-02 lr_adam 1.20e-03 tok_s 132000 | 14051/19073 (73.7%) | elapsed 15h39m | eta 5h32m
14060 train 2.722062 norm 0.1758 lr_muon 2.00e-02 lr_adam 1.20e-03 tok_s 131827 | 14061/19073 (73.7%) | elapsed 15h39m | eta 5h31m
14070 train 2.869184 norm 0.1654 lr_muon 2.00e-02 lr_adam 1.20e-03 tok_s 132419 | 14071/19073 (73.8%) | elapsed 15h40m | eta 5h30m
14080 train 2.716066 norm 0.1733 lr_muon 2.00e-02 lr_adam 1.20e-03 tok_s 132489 | 14081/19073 (73.8%) | elapsed 15h41m | eta 5h29m
14090 train 2.728005 norm 0.2001 lr_muon 2.00e-02 lr_adam 1.20e-03 tok_s 132303 | 14091/19073 (73.9%) | elapsed 15h41m | eta 5h29m
14100 train 2.714382 norm 0.1768 lr_muon 2.00e-02 lr_adam 1.20e-03 tok_s 132505 | 14101/19073 (73.9%) | elapsed 15h42m | eta 5h28m
14110 train 2.744053 norm 0.1975 lr_muon 2.00e-02 lr_adam 1.20e-03 tok_s 132469 | 14111/19073 (74.0%) | elapsed 15h43m | eta 5h27m
14120 train 2.826826 norm 0.2232 lr_muon 2.00e-02 lr_adam 1.20e-03 tok_s 132428 | 14121/19073 (74.0%) | elapsed 15h43m | eta 5h26m
14130 train 2.755852 norm 0.1571 lr_muon 2.00e-02 lr_adam 1.20e-03 tok_s 132216 | 14131/19073 (74.1%) | elapsed 15h44m | eta 5h26m
14140 train 2.746305 norm 0.1622 lr_muon 2.00e-02 lr_adam 1.20e-03 tok_s 132429 | 14141/19073 (74.1%) | elapsed 15h45m | eta 5h25m
14150 train 2.726800 norm 0.1883 lr_muon 2.00e-02 lr_adam 1.20e-03 tok_s 132581 | 14151/19073 (74.2%) | elapsed 15h45m | eta 5h25m
14160 train 2.684676 norm 0.1917 lr_muon 2.00e-02 lr_adam 1.20e-03 tok_s 132661 | 14161/19073 (74.2%) | elapsed 15h46m | eta 5h24m
14170 train 2.851432 norm 0.2115 lr_muon 2.00e-02 lr_adam 1.20e-03 tok_s 132376 | 14171/19073 (74.3%) | elapsed 15h47m | eta 5h23m
14180 train 2.614669 norm 0.2416 lr_muon 2.00e-02 lr_adam 1.20e-03 tok_s 132111 | 14181/19073 (74.4%) | elapsed 15h47m | eta 5h23m
14190 train 2.753592 norm 0.2022 lr_muon 2.00e-02 lr_adam 1.20e-03 tok_s 131927 | 14191/19073 (74.4%) | elapsed 15h48m | eta 5h26m
14200 train 2.806846 norm 0.1683 lr_muon 2.00e-02 lr_adam 1.20e-03 tok_s 132238 | 14201/19073 (74.5%) | elapsed 15h49m | eta 5h23m
14210 train 2.692014 norm 0.1918 lr_muon 2.00e-02 lr_adam 1.20e-03 tok_s 131979 | 14211/19073 (74.5%) | elapsed 15h49m | eta 5h22m
14220 train 2.853087 norm 0.1435 lr_muon 2.00e-02 lr_adam 1.20e-03 tok_s 132118 | 14221/19073 (74.6%) | elapsed 15h50m | eta 5h21m
14230 train 2.783458 norm 0.2590 lr_muon 2.00e-02 lr_adam 1.20e-03 tok_s 132029 | 14231/19073 (74.6%) | elapsed 15h51m | eta 5h20m
14240 train 2.798287 norm 0.1974 lr_muon 2.00e-02 lr_adam 1.20e-03 tok_s 131939 | 14241/19073 (74.7%) | elapsed 15h51m | eta 5h20m
14250 val 3.117682
step 14250 | val loss 3.1177
14250 train 2.718223 norm 0.1900 lr_muon 2.00e-02 lr_adam 1.20e-03 tok_s 82248 | 14251/19073 (74.7%) | elapsed 15h52m | eta 5h38m
14260 train 2.655728 norm 0.1894 lr_muon 2.00e-02 lr_adam 1.20e-03 tok_s 132292 | 14261/19073 (74.8%) | elapsed 15h53m | eta 5h24m
14270 train 2.839650 norm 0.1683 lr_muon 2.00e-02 lr_adam 1.20e-03 tok_s 132416 | 14271/19073 (74.8%) | elapsed 15h53m | eta 5h19m
14280 train 2.706421 norm 0.2137 lr_muon 2.00e-02 lr_adam 1.20e-03 tok_s 132186 | 14281/19073 (74.9%) | elapsed 15h54m | eta 5h17m
14290 train 2.766251 norm 0.1653 lr_muon 2.00e-02 lr_adam 1.20e-03 tok_s 132509 | 14291/19073 (74.9%) | elapsed 15h55m | eta 5h15m
14300 train 2.675834 norm 0.1609 lr_muon 2.00e-02 lr_adam 1.20e-03 tok_s 131855 | 14301/19073 (75.0%) | elapsed 15h55m | eta 5h15m
14310 train 2.745412 norm 0.1830 lr_muon 2.00e-02 lr_adam 1.20e-03 tok_s 132280 | 14311/19073 (75.0%) | elapsed 15h56m | eta 5h14m
14320 train 2.911070 norm 0.1946 lr_muon 2.00e-02 lr_adam 1.20e-03 tok_s 132424 | 14321/19073 (75.1%) | elapsed 15h57m | eta 5h13m
14330 train 2.729061 norm 0.2451 lr_muon 2.00e-02 lr_adam 1.20e-03 tok_s 132397 | 14331/19073 (75.1%) | elapsed 15h57m | eta 5h13m
14340 train 2.737774 norm 0.1953 lr_muon 2.00e-02 lr_adam 1.20e-03 tok_s 132288 | 14341/19073 (75.2%) | elapsed 15h58m | eta 5h12m
14350 train 2.762250 norm 0.1678 lr_muon 2.00e-02 lr_adam 1.20e-03 tok_s 131495 | 14351/19073 (75.2%) | elapsed 15h59m | eta 5h11m
14360 train 2.717886 norm 0.1930 lr_muon 2.00e-02 lr_adam 1.20e-03 tok_s 132182 | 14361/19073 (75.3%) | elapsed 15h59m | eta 5h11m
14370 train 2.890938 norm 0.1855 lr_muon 2.00e-02 lr_adam 1.20e-03 tok_s 132414 | 14371/19073 (75.3%) | elapsed 16h00m | eta 5h10m
14380 train 2.859002 norm 0.1744 lr_muon 2.00e-02 lr_adam 1.20e-03 tok_s 132064 | 14381/19073 (75.4%) | elapsed 16h01m | eta 5h09m
14390 train 2.718524 norm 0.1451 lr_muon 2.00e-02 lr_adam 1.20e-03 tok_s 132290 | 14391/19073 (75.5%) | elapsed 16h01m | eta 5h09m
14400 train 2.706495 norm 0.1600 lr_muon 2.00e-02 lr_adam 1.20e-03 tok_s 131510 | 14401/19073 (75.5%) | elapsed 16h02m | eta 5h09m
14410 train 2.773859 norm 0.1573 lr_muon 2.00e-02 lr_adam 1.20e-03 tok_s 131419 | 14411/19073 (75.6%) | elapsed 16h03m | eta 5h09m
14420 train 2.848087 norm 0.1592 lr_muon 2.00e-02 lr_adam 1.20e-03 tok_s 131454 | 14421/19073 (75.6%) | elapsed 16h03m | eta 5h13m
14430 train 2.671023 norm 0.1714 lr_muon 2.00e-02 lr_adam 1.20e-03 tok_s 131561 | 14431/19073 (75.7%) | elapsed 16h04m | eta 5h10m
14440 train 2.767279 norm 0.1895 lr_muon 2.00e-02 lr_adam 1.20e-03 tok_s 131834 | 14441/19073 (75.7%) | elapsed 16h05m | eta 5h07m
14450 train 2.754478 norm 0.1453 lr_muon 2.00e-02 lr_adam 1.20e-03 tok_s 132242 | 14451/19073 (75.8%) | elapsed 16h05m | eta 5h06m
14460 train 2.846283 norm 0.2247 lr_muon 2.00e-02 lr_adam 1.20e-03 tok_s 132246 | 14461/19073 (75.8%) | elapsed 16h06m | eta 5h05m
14470 train 2.822048 norm 0.2386 lr_muon 2.00e-02 lr_adam 1.20e-03 tok_s 132349 | 14471/19073 (75.9%) | elapsed 16h07m | eta 5h04m
14480 train 2.748690 norm 0.2521 lr_muon 2.00e-02 lr_adam 1.20e-03 tok_s 132201 | 14481/19073 (75.9%) | elapsed 16h07m | eta 5h03m
14490 train 2.717736 norm 0.1546 lr_muon 2.00e-02 lr_adam 1.20e-03 tok_s 131818 | 14491/19073 (76.0%) | elapsed 16h08m | eta 5h02m
14500 val 3.105285
step 14500 | val loss 3.1053
14500 train 2.747142 norm 0.1680 lr_muon 2.00e-02 lr_adam 1.20e-03 tok_s 81592 | 14501/19073 (76.0%) | elapsed 16h09m | eta 5h21m
14510 train 2.643967 norm 0.1802 lr_muon 2.00e-02 lr_adam 1.20e-03 tok_s 132321 | 14511/19073 (76.1%) | elapsed 16h09m | eta 5h07m
14520 train 2.795974 norm 0.2357 lr_muon 2.00e-02 lr_adam 1.20e-03 tok_s 132533 | 14521/19073 (76.1%) | elapsed 16h10m | eta 5h02m
14530 train 2.732145 norm 0.1811 lr_muon 2.00e-02 lr_adam 1.20e-03 tok_s 132310 | 14531/19073 (76.2%) | elapsed 16h11m | eta 5h00m
14540 train 2.736099 norm 0.1736 lr_muon 2.00e-02 lr_adam 1.20e-03 tok_s 132439 | 14541/19073 (76.2%) | elapsed 16h11m | eta 4h59m
14550 train 2.677938 norm 0.2273 lr_muon 2.00e-02 lr_adam 1.20e-03 tok_s 132451 | 14551/19073 (76.3%) | elapsed 16h12m | eta 4h58m
14560 train 2.777791 norm 0.1962 lr_muon 2.00e-02 lr_adam 1.20e-03 tok_s 132436 | 14561/19073 (76.3%) | elapsed 16h13m | eta 4h57m
14570 train 2.857732 norm 0.1707 lr_muon 2.00e-02 lr_adam 1.20e-03 tok_s 132580 | 14571/19073 (76.4%) | elapsed 16h13m | eta 4h57m
14580 train 2.776618 norm 0.2424 lr_muon 2.00e-02 lr_adam 1.20e-03 tok_s 132490 | 14581/19073 (76.4%) | elapsed 16h14m | eta 4h56m
14590 train 2.694172 norm 0.1601 lr_muon 2.00e-02 lr_adam 1.20e-03 tok_s 132138 | 14591/19073 (76.5%) | elapsed 16h15m | eta 4h55m
14600 train 2.672747 norm 0.1592 lr_muon 2.00e-02 lr_adam 1.20e-03 tok_s 132485 | 14601/19073 (76.6%) | elapsed 16h15m | eta 4h55m
14610 train 2.718366 norm 0.2530 lr_muon 2.00e-02 lr_adam 1.20e-03 tok_s 132749 | 14611/19073 (76.6%) | elapsed 16h16m | eta 4h54m
14620 train 2.811284 norm 0.1661 lr_muon 2.00e-02 lr_adam 1.20e-03 tok_s 132244 | 14621/19073 (76.7%) | elapsed 16h17m | eta 4h53m
14630 train 2.676841 norm 0.1560 lr_muon 2.00e-02 lr_adam 1.20e-03 tok_s 132513 | 14631/19073 (76.7%) | elapsed 16h17m | eta 4h53m
14640 train 2.684241 norm 0.1613 lr_muon 2.00e-02 lr_adam 1.20e-03 tok_s 132324 | 14641/19073 (76.8%) | elapsed 16h18m | eta 4h52m
14650 train 2.706808 norm 0.1732 lr_muon 2.00e-02 lr_adam 1.20e-03 tok_s 111131 | 14651/19073 (76.8%) | elapsed 16h19m | eta 4h57m
14660 train 2.707198 norm 0.2191 lr_muon 2.00e-02 lr_adam 1.20e-03 tok_s 131881 | 14661/19073 (76.9%) | elapsed 16h19m | eta 4h53m
14670 train 2.834717 norm 0.1552 lr_muon 2.00e-02 lr_adam 1.20e-03 tok_s 131635 | 14671/19073 (76.9%) | elapsed 16h20m | eta 4h52m
14680 train 2.658767 norm 0.1854 lr_muon 2.00e-02 lr_adam 1.20e-03 tok_s 132086 | 14681/19073 (77.0%) | elapsed 16h20m | eta 4h51m
14690 train 2.726744 norm 0.1460 lr_muon 2.00e-02 lr_adam 1.20e-03 tok_s 131559 | 14691/19073 (77.0%) | elapsed 16h21m | eta 4h50m
14700 train 2.715324 norm 0.1661 lr_muon 2.00e-02 lr_adam 1.20e-03 tok_s 131764 | 14701/19073 (77.1%) | elapsed 16h22m | eta 4h49m
14710 train 2.700215 norm 0.1764 lr_muon 2.00e-02 lr_adam 1.20e-03 tok_s 131767 | 14711/19073 (77.1%) | elapsed 16h22m | eta 4h49m
14720 train 2.829501 norm 0.1825 lr_muon 2.00e-02 lr_adam 1.20e-03 tok_s 131923 | 14721/19073 (77.2%) | elapsed 16h23m | eta 4h48m
14730 train 2.813187 norm 0.1735 lr_muon 2.00e-02 lr_adam 1.20e-03 tok_s 131742 | 14731/19073 (77.2%) | elapsed 16h24m | eta 4h47m
14740 train 2.723681 norm 0.1814 lr_muon 2.00e-02 lr_adam 1.20e-03 tok_s 131756 | 14741/19073 (77.3%) | elapsed 16h24m | eta 4h47m
14750 val 3.097068
step 14750 | val loss 3.0971
14750 train 2.666860 norm 0.1666 lr_muon 2.00e-02 lr_adam 1.20e-03 tok_s 82541 | 14751/19073 (77.3%) | elapsed 16h25m | eta 5h03m
14760 train 2.699824 norm 0.2115 lr_muon 2.00e-02 lr_adam 1.20e-03 tok_s 131935 | 14761/19073 (77.4%) | elapsed 16h26m | eta 4h51m
14770 train 2.815336 norm 0.1891 lr_muon 2.00e-02 lr_adam 1.20e-03 tok_s 132127 | 14771/19073 (77.4%) | elapsed 16h27m | eta 4h46m
14780 train 2.736571 norm 0.1613 lr_muon 2.00e-02 lr_adam 1.20e-03 tok_s 132404 | 14781/19073 (77.5%) | elapsed 16h27m | eta 4h44m
14790 train 2.677299 norm 0.2437 lr_muon 2.00e-02 lr_adam 1.20e-03 tok_s 132528 | 14791/19073 (77.5%) | elapsed 16h28m | eta 4h42m
14800 train 2.823275 norm 0.1901 lr_muon 2.00e-02 lr_adam 1.20e-03 tok_s 132283 | 14801/19073 (77.6%) | elapsed 16h28m | eta 4h42m
14810 train 2.736382 norm 0.3771 lr_muon 2.00e-02 lr_adam 1.20e-03 tok_s 132445 | 14811/19073 (77.7%) | elapsed 16h29m | eta 4h41m
14820 train 2.856986 norm 0.1788 lr_muon 2.00e-02 lr_adam 1.20e-03 tok_s 132330 | 14821/19073 (77.7%) | elapsed 16h30m | eta 4h40m
14830 train 2.693445 norm 0.1531 lr_muon 2.00e-02 lr_adam 1.20e-03 tok_s 132417 | 14831/19073 (77.8%) | elapsed 16h30m | eta 4h40m
14840 train 2.644981 norm 0.1667 lr_muon 2.00e-02 lr_adam 1.20e-03 tok_s 132032 | 14841/19073 (77.8%) | elapsed 16h31m | eta 4h41m
14850 train 2.740805 norm 0.1895 lr_muon 2.00e-02 lr_adam 1.20e-03 tok_s 132409 | 14851/19073 (77.9%) | elapsed 16h32m | eta 4h39m
14860 train 2.702497 norm 0.1634 lr_muon 2.00e-02 lr_adam 1.20e-03 tok_s 132376 | 14861/19073 (77.9%) | elapsed 16h32m | eta 4h38m
14870 train 2.863702 norm 0.2508 lr_muon 2.00e-02 lr_adam 1.20e-03 tok_s 131888 | 14871/19073 (78.0%) | elapsed 16h33m | eta 4h37m
14880 train 2.741687 norm 0.1774 lr_muon 2.00e-02 lr_adam 1.20e-03 tok_s 132286 | 14881/19073 (78.0%) | elapsed 16h34m | eta 4h37m
14890 train 2.667438 norm 0.2163 lr_muon 2.00e-02 lr_adam 1.20e-03 tok_s 132077 | 14891/19073 (78.1%) | elapsed 16h34m | eta 4h38m
14900 train 2.683828 norm 0.2017 lr_muon 2.00e-02 lr_adam 1.20e-03 tok_s 132363 | 14901/19073 (78.1%) | elapsed 16h35m | eta 4h36m
14910 train 2.699774 norm 0.1520 lr_muon 2.00e-02 lr_adam 1.20e-03 tok_s 132274 | 14911/19073 (78.2%) | elapsed 16h36m | eta 4h35m
14920 train 2.787831 norm 0.1726 lr_muon 2.00e-02 lr_adam 1.20e-03 tok_s 132240 | 14921/19073 (78.2%) | elapsed 16h36m | eta 4h34m
14930 train 2.710269 norm 0.1838 lr_muon 2.00e-02 lr_adam 1.20e-03 tok_s 132441 | 14931/19073 (78.3%) | elapsed 16h37m | eta 4h33m
14940 train 2.755629 norm 0.1643 lr_muon 2.00e-02 lr_adam 1.20e-03 tok_s 132445 | 14941/19073 (78.3%) | elapsed 16h38m | eta 4h32m
14950 train 2.724554 norm 0.1559 lr_muon 2.00e-02 lr_adam 1.20e-03 tok_s 132045 | 14951/19073 (78.4%) | elapsed 16h38m | eta 4h32m
14960 train 2.807042 norm 0.2073 lr_muon 2.00e-02 lr_adam 1.20e-03 tok_s 131917 | 14961/19073 (78.4%) | elapsed 16h39m | eta 4h32m
14970 train 2.845551 norm 0.1689 lr_muon 2.00e-02 lr_adam 1.20e-03 tok_s 132025 | 14971/19073 (78.5%) | elapsed 16h40m | eta 4h31m
14980 train 2.723943 norm 0.1617 lr_muon 2.00e-02 lr_adam 1.20e-03 tok_s 132089 | 14981/19073 (78.5%) | elapsed 16h40m | eta 4h31m
14990 train 2.737413 norm 0.1873 lr_muon 2.00e-02 lr_adam 1.20e-03 tok_s 131901 | 14991/19073 (78.6%) | elapsed 16h41m | eta 4h30m
15000 val 3.099717
step 15000 | val loss 3.0997
15000 train 2.686620 norm 0.1871 lr_muon 2.00e-02 lr_adam 1.20e-03 tok_s 81460 | 15001/19073 (78.7%) | elapsed 16h42m | eta 4h46m
saved checkpoint -> /workspace/runs/modern_1024x24/checkpoints/ckpt_015000.pt
15010 train 2.678408 norm 0.1824 lr_muon 2.00e-02 lr_adam 1.20e-03 tok_s 131820 | 15011/19073 (78.7%) | elapsed 16h43m | eta 4h34m
15020 train 2.753261 norm 0.1562 lr_muon 2.00e-02 lr_adam 1.20e-03 tok_s 131815 | 15021/19073 (78.8%) | elapsed 16h43m | eta 4h30m
15030 train 2.691719 norm 0.1565 lr_muon 2.00e-02 lr_adam 1.20e-03 tok_s 132147 | 15031/19073 (78.8%) | elapsed 16h44m | eta 4h28m
15040 train 2.775450 norm 0.1632 lr_muon 2.00e-02 lr_adam 1.20e-03 tok_s 131843 | 15041/19073 (78.9%) | elapsed 16h45m | eta 4h27m
15050 train 2.683757 norm 0.1761 lr_muon 2.00e-02 lr_adam 1.20e-03 tok_s 131759 | 15051/19073 (78.9%) | elapsed 16h45m | eta 4h26m
15060 train 2.723165 norm 0.1676 lr_muon 2.00e-02 lr_adam 1.20e-03 tok_s 124153 | 15061/19073 (79.0%) | elapsed 16h46m | eta 4h27m
15070 train 2.824813 norm 0.2084 lr_muon 2.00e-02 lr_adam 1.20e-03 tok_s 131900 | 15071/19073 (79.0%) | elapsed 16h47m | eta 4h25m
15080 train 2.748049 norm 0.1732 lr_muon 2.00e-02 lr_adam 1.20e-03 tok_s 131784 | 15081/19073 (79.1%) | elapsed 16h47m | eta 4h24m
15090 train 2.709482 norm 0.1553 lr_muon 2.00e-02 lr_adam 1.20e-03 tok_s 132251 | 15091/19073 (79.1%) | elapsed 16h48m | eta 4h23m
15100 train 2.694751 norm 0.1768 lr_muon 2.00e-02 lr_adam 1.20e-03 tok_s 132564 | 15101/19073 (79.2%) | elapsed 16h49m | eta 4h22m
15110 train 2.686378 norm 0.1432 lr_muon 2.00e-02 lr_adam 1.20e-03 tok_s 131847 | 15111/19073 (79.2%) | elapsed 16h49m | eta 4h21m
15120 train 2.862573 norm 0.2221 lr_muon 2.00e-02 lr_adam 1.20e-03 tok_s 132293 | 15121/19073 (79.3%) | elapsed 16h50m | eta 4h23m
15130 train 2.687814 norm 0.1553 lr_muon 2.00e-02 lr_adam 1.20e-03 tok_s 132445 | 15131/19073 (79.3%) | elapsed 16h51m | eta 4h21m
15140 train 2.709199 norm 0.1451 lr_muon 2.00e-02 lr_adam 1.20e-03 tok_s 132451 | 15141/19073 (79.4%) | elapsed 16h51m | eta 4h19m
15150 train 2.757669 norm 0.2031 lr_muon 2.00e-02 lr_adam 1.20e-03 tok_s 132492 | 15151/19073 (79.4%) | elapsed 16h52m | eta 4h18m
15160 train 2.739161 norm 0.2029 lr_muon 2.00e-02 lr_adam 1.20e-03 tok_s 132424 | 15161/19073 (79.5%) | elapsed 16h53m | eta 4h18m
15170 train 2.804491 norm 0.1607 lr_muon 2.00e-02 lr_adam 1.20e-03 tok_s 132123 | 15171/19073 (79.5%) | elapsed 16h53m | eta 4h17m
15180 train 2.648658 norm 0.2186 lr_muon 2.00e-02 lr_adam 1.20e-03 tok_s 132278 | 15181/19073 (79.6%) | elapsed 16h54m | eta 4h17m
15190 train 2.774112 norm 0.1824 lr_muon 2.00e-02 lr_adam 1.20e-03 tok_s 132457 | 15191/19073 (79.6%) | elapsed 16h55m | eta 4h16m
15200 train 2.678426 norm 0.1661 lr_muon 2.00e-02 lr_adam 1.20e-03 tok_s 132346 | 15201/19073 (79.7%) | elapsed 16h55m | eta 4h15m
15210 train 2.671116 norm 0.2030 lr_muon 2.00e-02 lr_adam 1.20e-03 tok_s 132466 | 15211/19073 (79.8%) | elapsed 16h56m | eta 4h14m
15220 train 2.763106 norm 0.1653 lr_muon 2.00e-02 lr_adam 1.20e-03 tok_s 132431 | 15221/19073 (79.8%) | elapsed 16h57m | eta 4h14m
15230 train 2.701794 norm 0.1875 lr_muon 2.00e-02 lr_adam 1.20e-03 tok_s 132467 | 15231/19073 (79.9%) | elapsed 16h57m | eta 4h13m
15240 train 2.781426 norm 0.1777 lr_muon 2.00e-02 lr_adam 1.20e-03 tok_s 132173 | 15241/19073 (79.9%) | elapsed 16h58m | eta 4h12m
15250 val 3.102337
step 15250 | val loss 3.1023
15250 train 2.673513 norm 0.1494 lr_muon 2.00e-02 lr_adam 1.20e-03 tok_s 80487 | 15251/19073 (80.0%) | elapsed 16h59m | eta 4h28m
15260 train 2.714696 norm 0.1811 lr_muon 2.00e-02 lr_adam 1.20e-03 tok_s 132387 | 15261/19073 (80.0%) | elapsed 16h59m | eta 4h17m
15270 train 2.847476 norm 0.1680 lr_muon 1.99e-02 lr_adam 1.20e-03 tok_s 132365 | 15271/19073 (80.1%) | elapsed 17h00m | eta 4h12m
15280 train 2.714098 norm 0.1354 lr_muon 1.99e-02 lr_adam 1.19e-03 tok_s 132360 | 15281/19073 (80.1%) | elapsed 17h01m | eta 4h11m
15290 train 2.702996 norm 0.1760 lr_muon 1.98e-02 lr_adam 1.19e-03 tok_s 132433 | 15291/19073 (80.2%) | elapsed 17h01m | eta 4h09m
15300 train 2.763031 norm 0.1636 lr_muon 1.98e-02 lr_adam 1.19e-03 tok_s 132362 | 15301/19073 (80.2%) | elapsed 17h02m | eta 4h09m
15310 train 2.747597 norm 0.1649 lr_muon 1.97e-02 lr_adam 1.18e-03 tok_s 132071 | 15311/19073 (80.3%) | elapsed 17h02m | eta 4h08m
15320 train 2.892340 norm 0.2334 lr_muon 1.97e-02 lr_adam 1.18e-03 tok_s 132317 | 15321/19073 (80.3%) | elapsed 17h03m | eta 4h07m
15330 train 2.730598 norm 0.1560 lr_muon 1.96e-02 lr_adam 1.18e-03 tok_s 132294 | 15331/19073 (80.4%) | elapsed 17h04m | eta 4h07m
15340 train 2.689467 norm 0.1839 lr_muon 1.96e-02 lr_adam 1.17e-03 tok_s 132080 | 15341/19073 (80.4%) | elapsed 17h04m | eta 4h06m
15350 train 2.666038 norm 0.1618 lr_muon 1.95e-02 lr_adam 1.17e-03 tok_s 132627 | 15351/19073 (80.5%) | elapsed 17h05m | eta 4h09m
15360 train 2.704814 norm 0.2299 lr_muon 1.95e-02 lr_adam 1.17e-03 tok_s 132288 | 15361/19073 (80.5%) | elapsed 17h06m | eta 4h06m
15370 train 2.896292 norm 0.1778 lr_muon 1.94e-02 lr_adam 1.16e-03 tok_s 131531 | 15371/19073 (80.6%) | elapsed 17h06m | eta 4h05m
15380 train 2.661705 norm 0.1560 lr_muon 1.94e-02 lr_adam 1.16e-03 tok_s 131298 | 15381/19073 (80.6%) | elapsed 17h07m | eta 4h05m
15390 train 2.722213 norm 0.1533 lr_muon 1.93e-02 lr_adam 1.16e-03 tok_s 131429 | 15391/19073 (80.7%) | elapsed 17h08m | eta 4h04m
15400 train 2.720650 norm 0.1482 lr_muon 1.93e-02 lr_adam 1.16e-03 tok_s 131563 | 15401/19073 (80.7%) | elapsed 17h08m | eta 4h03m
15410 train 2.726431 norm 0.1684 lr_muon 1.92e-02 lr_adam 1.15e-03 tok_s 131631 | 15411/19073 (80.8%) | elapsed 17h09m | eta 4h03m
15420 train 2.796598 norm 0.2233 lr_muon 1.92e-02 lr_adam 1.15e-03 tok_s 131489 | 15421/19073 (80.9%) | elapsed 17h10m | eta 4h02m
15430 train 2.746696 norm 0.1757 lr_muon 1.91e-02 lr_adam 1.15e-03 tok_s 131663 | 15431/19073 (80.9%) | elapsed 17h10m | eta 4h01m
15440 train 2.695019 norm 0.1584 lr_muon 1.90e-02 lr_adam 1.14e-03 tok_s 131877 | 15441/19073 (81.0%) | elapsed 17h11m | eta 4h01m
15450 train 3.024183 norm 0.4904 lr_muon 1.90e-02 lr_adam 1.14e-03 tok_s 131593 | 15451/19073 (81.0%) | elapsed 17h12m | eta 4h00m
15460 train 2.695492 norm 0.1576 lr_muon 1.89e-02 lr_adam 1.14e-03 tok_s 131728 | 15461/19073 (81.1%) | elapsed 17h12m | eta 3h59m
15470 train 2.866288 norm 0.1822 lr_muon 1.89e-02 lr_adam 1.13e-03 tok_s 131606 | 15471/19073 (81.1%) | elapsed 17h13m | eta 3h59m
15480 train 2.689823 norm 0.1775 lr_muon 1.88e-02 lr_adam 1.13e-03 tok_s 131534 | 15481/19073 (81.2%) | elapsed 17h14m | eta 3h58m
15490 train 2.768018 norm 0.1949 lr_muon 1.88e-02 lr_adam 1.13e-03 tok_s 131736 | 15491/19073 (81.2%) | elapsed 17h14m | eta 3h57m
15500 val 3.089563
step 15500 | val loss 3.0896
15500 train 2.927202 norm 0.5812 lr_muon 1.87e-02 lr_adam 1.12e-03 tok_s 80070 | 15501/19073 (81.3%) | elapsed 17h15m | eta 4h12m
15510 train 2.653310 norm 0.1432 lr_muon 1.87e-02 lr_adam 1.12e-03 tok_s 131598 | 15511/19073 (81.3%) | elapsed 17h16m | eta 4h01m
15520 train 2.823299 norm 0.1708 lr_muon 1.86e-02 lr_adam 1.12e-03 tok_s 131508 | 15521/19073 (81.4%) | elapsed 17h16m | eta 3h57m
15530 train 2.717867 norm 0.1615 lr_muon 1.86e-02 lr_adam 1.11e-03 tok_s 131370 | 15531/19073 (81.4%) | elapsed 17h17m | eta 3h55m
15540 train 2.680078 norm 0.2001 lr_muon 1.85e-02 lr_adam 1.11e-03 tok_s 131434 | 15541/19073 (81.5%) | elapsed 17h18m | eta 3h54m
15550 train 2.679184 norm 0.1400 lr_muon 1.85e-02 lr_adam 1.11e-03 tok_s 131575 | 15551/19073 (81.5%) | elapsed 17h18m | eta 3h54m
15560 train 2.740050 norm 0.1711 lr_muon 1.84e-02 lr_adam 1.10e-03 tok_s 131540 | 15561/19073 (81.6%) | elapsed 17h19m | eta 3h53m
15570 train 2.815566 norm 0.1301 lr_muon 1.84e-02 lr_adam 1.10e-03 tok_s 131525 | 15571/19073 (81.6%) | elapsed 17h20m | eta 3h52m
15580 train 2.734546 norm 0.1770 lr_muon 1.83e-02 lr_adam 1.10e-03 tok_s 109383 | 15581/19073 (81.7%) | elapsed 17h20m | eta 3h56m
15590 train 2.727034 norm 0.1351 lr_muon 1.83e-02 lr_adam 1.10e-03 tok_s 131692 | 15591/19073 (81.7%) | elapsed 17h21m | eta 3h52m
15600 train 2.677939 norm 0.2254 lr_muon 1.82e-02 lr_adam 1.09e-03 tok_s 131876 | 15601/19073 (81.8%) | elapsed 17h22m | eta 3h51m
15610 train 2.555093 norm 0.2024 lr_muon 1.82e-02 lr_adam 1.09e-03 tok_s 131584 | 15611/19073 (81.8%) | elapsed 17h22m | eta 3h49m
15620 train 2.826733 norm 0.1275 lr_muon 1.81e-02 lr_adam 1.09e-03 tok_s 131664 | 15621/19073 (81.9%) | elapsed 17h23m | eta 3h49m
15630 train 2.656360 norm 0.1839 lr_muon 1.80e-02 lr_adam 1.08e-03 tok_s 131668 | 15631/19073 (82.0%) | elapsed 17h24m | eta 3h48m
15640 train 2.714741 norm 0.1703 lr_muon 1.80e-02 lr_adam 1.08e-03 tok_s 131858 | 15641/19073 (82.0%) | elapsed 17h24m | eta 3h47m
15650 train 2.575627 norm 0.1167 lr_muon 1.79e-02 lr_adam 1.08e-03 tok_s 132102 | 15651/19073 (82.1%) | elapsed 17h25m | eta 3h46m
15660 train 2.681197 norm 0.1285 lr_muon 1.79e-02 lr_adam 1.07e-03 tok_s 131792 | 15661/19073 (82.1%) | elapsed 17h26m | eta 3h46m
15670 train 2.818233 norm 0.1707 lr_muon 1.78e-02 lr_adam 1.07e-03 tok_s 131875 | 15671/19073 (82.2%) | elapsed 17h26m | eta 3h45m
15680 train 2.732057 norm 0.1394 lr_muon 1.78e-02 lr_adam 1.07e-03 tok_s 132044 | 15681/19073 (82.2%) | elapsed 17h27m | eta 3h44m
15690 train 2.677586 norm 0.1345 lr_muon 1.77e-02 lr_adam 1.06e-03 tok_s 132035 | 15691/19073 (82.3%) | elapsed 17h28m | eta 3h43m
15700 train 2.677148 norm 0.2233 lr_muon 1.77e-02 lr_adam 1.06e-03 tok_s 132423 | 15701/19073 (82.3%) | elapsed 17h28m | eta 3h42m
15710 train 2.685311 norm 0.1975 lr_muon 1.76e-02 lr_adam 1.06e-03 tok_s 132163 | 15711/19073 (82.4%) | elapsed 17h29m | eta 3h42m
15720 train 2.812666 norm 0.1603 lr_muon 1.76e-02 lr_adam 1.05e-03 tok_s 131614 | 15721/19073 (82.4%) | elapsed 17h30m | eta 3h42m
15730 train 2.761727 norm 0.1629 lr_muon 1.75e-02 lr_adam 1.05e-03 tok_s 131759 | 15731/19073 (82.5%) | elapsed 17h30m | eta 3h41m
15740 train 2.659232 norm 0.1500 lr_muon 1.75e-02 lr_adam 1.05e-03 tok_s 132048 | 15741/19073 (82.5%) | elapsed 17h31m | eta 3h40m
15750 val 3.076193
step 15750 | val loss 3.0762
15750 train 2.664958 norm 0.1810 lr_muon 1.74e-02 lr_adam 1.05e-03 tok_s 80685 | 15751/19073 (82.6%) | elapsed 17h32m | eta 3h54m
15760 train 2.687848 norm 0.1643 lr_muon 1.74e-02 lr_adam 1.04e-03 tok_s 132537 | 15761/19073 (82.6%) | elapsed 17h32m | eta 3h43m
15770 train 2.820146 norm 0.1257 lr_muon 1.73e-02 lr_adam 1.04e-03 tok_s 132272 | 15771/19073 (82.7%) | elapsed 17h33m | eta 3h39m
15780 train 2.695041 norm 0.1617 lr_muon 1.73e-02 lr_adam 1.04e-03 tok_s 132411 | 15781/19073 (82.7%) | elapsed 17h34m | eta 3h37m
15790 train 2.607813 norm 0.1348 lr_muon 1.72e-02 lr_adam 1.03e-03 tok_s 132424 | 15791/19073 (82.8%) | elapsed 17h34m | eta 3h36m
15800 train 2.709024 norm 0.1605 lr_muon 1.72e-02 lr_adam 1.03e-03 tok_s 132544 | 15801/19073 (82.8%) | elapsed 17h35m | eta 3h35m
15810 train 2.689900 norm 0.1510 lr_muon 1.71e-02 lr_adam 1.03e-03 tok_s 132430 | 15811/19073 (82.9%) | elapsed 17h36m | eta 3h35m
15820 train 2.794679 norm 0.1661 lr_muon 1.71e-02 lr_adam 1.02e-03 tok_s 132190 | 15821/19073 (82.9%) | elapsed 17h36m | eta 3h36m
15830 train 2.639467 norm 0.1582 lr_muon 1.70e-02 lr_adam 1.02e-03 tok_s 132489 | 15831/19073 (83.0%) | elapsed 17h37m | eta 3h34m
15840 train 2.604231 norm 0.1996 lr_muon 1.69e-02 lr_adam 1.02e-03 tok_s 132244 | 15841/19073 (83.1%) | elapsed 17h38m | eta 3h33m
15850 train 2.676137 norm 0.1772 lr_muon 1.69e-02 lr_adam 1.01e-03 tok_s 132497 | 15851/19073 (83.1%) | elapsed 17h38m | eta 3h32m
15860 train 2.643126 norm 0.1637 lr_muon 1.68e-02 lr_adam 1.01e-03 tok_s 132458 | 15861/19073 (83.2%) | elapsed 17h39m | eta 3h31m
15870 train 2.712218 norm 0.1600 lr_muon 1.68e-02 lr_adam 1.01e-03 tok_s 132472 | 15871/19073 (83.2%) | elapsed 17h40m | eta 3h31m
15880 train 2.676193 norm 0.1778 lr_muon 1.67e-02 lr_adam 1.00e-03 tok_s 131845 | 15881/19073 (83.3%) | elapsed 17h40m | eta 3h30m
15890 train 2.696490 norm 0.1704 lr_muon 1.67e-02 lr_adam 1.00e-03 tok_s 107402 | 15891/19073 (83.3%) | elapsed 17h41m | eta 3h35m
15900 train 2.683098 norm 0.1260 lr_muon 1.66e-02 lr_adam 9.98e-04 tok_s 131583 | 15901/19073 (83.4%) | elapsed 17h42m | eta 3h31m
15910 train 2.702626 norm 0.1514 lr_muon 1.66e-02 lr_adam 9.95e-04 tok_s 131837 | 15911/19073 (83.4%) | elapsed 17h42m | eta 3h30m
15920 train 2.775350 norm 0.1523 lr_muon 1.65e-02 lr_adam 9.92e-04 tok_s 132492 | 15921/19073 (83.5%) | elapsed 17h43m | eta 3h28m
15930 train 2.630929 norm 0.1484 lr_muon 1.65e-02 lr_adam 9.89e-04 tok_s 131911 | 15931/19073 (83.5%) | elapsed 17h44m | eta 3h27m
15940 train 2.708948 norm 0.1616 lr_muon 1.64e-02 lr_adam 9.85e-04 tok_s 132174 | 15941/19073 (83.6%) | elapsed 17h44m | eta 3h27m
15950 train 2.649040 norm 0.1384 lr_muon 1.64e-02 lr_adam 9.82e-04 tok_s 132118 | 15951/19073 (83.6%) | elapsed 17h45m | eta 3h26m
15960 train 2.641993 norm 0.1375 lr_muon 1.63e-02 lr_adam 9.79e-04 tok_s 131855 | 15961/19073 (83.7%) | elapsed 17h46m | eta 3h25m
15970 train 2.760679 norm 0.1834 lr_muon 1.63e-02 lr_adam 9.76e-04 tok_s 131816 | 15971/19073 (83.7%) | elapsed 17h46m | eta 3h25m
15980 train 2.640468 norm 0.1273 lr_muon 1.62e-02 lr_adam 9.73e-04 tok_s 132558 | 15981/19073 (83.8%) | elapsed 17h47m | eta 3h26m
15990 train 2.633491 norm 0.1413 lr_muon 1.62e-02 lr_adam 9.70e-04 tok_s 132551 | 15991/19073 (83.8%) | elapsed 17h48m | eta 3h24m
16000 val 3.054923
step 16000 | val loss 3.0549
16000 train 2.648718 norm 0.1586 lr_muon 1.61e-02 lr_adam 9.67e-04 tok_s 82193 | 16001/19073 (83.9%) | elapsed 17h48m | eta 3h35m
--- samples @ step 16000 ---
[sample 0] ' his great work but finally over 20, a scene when sailing in France. This notice , grown to mean, that Shakespeare wanted to play in a town that gradually enough became his ultimate home. However, for whatever reason Shakespeare eventually desponded, the Mistake was forgotten.\nBeing a 16th'
[sample 1] ' 2009-09-09… Turn” Psychological 101.\nLikely “How and When” that refers to dramaturg on that point, i cannot now be sure why it seems pretty to keep a contact with the reader. Are they right? How about? What’s'
saved checkpoint -> /workspace/runs/modern_1024x24/checkpoints/ckpt_016000.pt
16010 train 2.559328 norm 0.1836 lr_muon 1.61e-02 lr_adam 9.63e-04 tok_s 132303 | 16011/19073 (83.9%) | elapsed 17h49m | eta 3h26m
16020 train 2.822703 norm 0.1729 lr_muon 1.60e-02 lr_adam 9.60e-04 tok_s 132393 | 16021/19073 (84.0%) | elapsed 17h50m | eta 3h22m
16030 train 2.639461 norm 0.1900 lr_muon 1.60e-02 lr_adam 9.57e-04 tok_s 131945 | 16031/19073 (84.1%) | elapsed 17h51m | eta 3h21m
16040 train 2.607229 norm 0.1401 lr_muon 1.59e-02 lr_adam 9.54e-04 tok_s 132237 | 16041/19073 (84.1%) | elapsed 17h51m | eta 3h20m
16050 train 2.498409 norm 0.2363 lr_muon 1.58e-02 lr_adam 9.51e-04 tok_s 132439 | 16051/19073 (84.2%) | elapsed 17h52m | eta 3h21m
16060 train 2.669165 norm 0.1419 lr_muon 1.58e-02 lr_adam 9.48e-04 tok_s 132458 | 16061/19073 (84.2%) | elapsed 17h53m | eta 3h19m
16070 train 2.801723 norm 0.1468 lr_muon 1.57e-02 lr_adam 9.45e-04 tok_s 132368 | 16071/19073 (84.3%) | elapsed 17h53m | eta 3h18m
16080 train 2.692548 norm 0.2392 lr_muon 1.57e-02 lr_adam 9.41e-04 tok_s 132449 | 16081/19073 (84.3%) | elapsed 17h54m | eta 3h17m
16090 train 2.664581 norm 0.1409 lr_muon 1.56e-02 lr_adam 9.38e-04 tok_s 131887 | 16091/19073 (84.4%) | elapsed 17h55m | eta 3h16m
16100 train 2.565792 norm 0.1358 lr_muon 1.56e-02 lr_adam 9.35e-04 tok_s 132536 | 16101/19073 (84.4%) | elapsed 17h55m | eta 3h16m
16110 train 2.631319 norm 0.1321 lr_muon 1.55e-02 lr_adam 9.32e-04 tok_s 132511 | 16111/19073 (84.5%) | elapsed 17h56m | eta 3h15m
16120 train 2.774742 norm 0.1489 lr_muon 1.55e-02 lr_adam 9.29e-04 tok_s 132507 | 16121/19073 (84.5%) | elapsed 17h57m | eta 3h14m
16130 train 2.650611 norm 0.1489 lr_muon 1.54e-02 lr_adam 9.26e-04 tok_s 132551 | 16131/19073 (84.6%) | elapsed 17h57m | eta 3h14m
16140 train 2.608500 norm 0.1420 lr_muon 1.54e-02 lr_adam 9.22e-04 tok_s 132249 | 16141/19073 (84.6%) | elapsed 17h58m | eta 3h13m
16150 train 2.694845 norm 0.1294 lr_muon 1.53e-02 lr_adam 9.19e-04 tok_s 132462 | 16151/19073 (84.7%) | elapsed 17h59m | eta 3h12m
16160 train 2.655861 norm 0.1497 lr_muon 1.53e-02 lr_adam 9.16e-04 tok_s 132229 | 16161/19073 (84.7%) | elapsed 17h59m | eta 3h12m
16170 train 2.791718 norm 0.1407 lr_muon 1.52e-02 lr_adam 9.13e-04 tok_s 132403 | 16171/19073 (84.8%) | elapsed 18h00m | eta 3h11m
16180 train 2.614786 norm 0.1373 lr_muon 1.52e-02 lr_adam 9.10e-04 tok_s 132249 | 16181/19073 (84.8%) | elapsed 18h00m | eta 3h10m
16190 train 2.650568 norm 0.1152 lr_muon 1.51e-02 lr_adam 9.07e-04 tok_s 132411 | 16191/19073 (84.9%) | elapsed 18h01m | eta 3h10m
16200 train 2.706511 norm 0.2387 lr_muon 1.51e-02 lr_adam 9.04e-04 tok_s 132520 | 16201/19073 (84.9%) | elapsed 18h02m | eta 3h09m
16210 train 2.667116 norm 0.1425 lr_muon 1.50e-02 lr_adam 9.00e-04 tok_s 132406 | 16211/19073 (85.0%) | elapsed 18h02m | eta 3h08m
16220 train 2.745360 norm 0.1612 lr_muon 1.50e-02 lr_adam 8.97e-04 tok_s 132512 | 16221/19073 (85.0%) | elapsed 18h03m | eta 3h08m
16230 train 2.605060 norm 0.1700 lr_muon 1.49e-02 lr_adam 8.94e-04 tok_s 131930 | 16231/19073 (85.1%) | elapsed 18h04m | eta 3h07m
16240 train 2.638036 norm 0.1508 lr_muon 1.49e-02 lr_adam 8.91e-04 tok_s 131577 | 16241/19073 (85.2%) | elapsed 18h04m | eta 3h07m
16250 val 3.033040
step 16250 | val loss 3.0330
16250 train 2.675715 norm 0.1331 lr_muon 1.48e-02 lr_adam 8.88e-04 tok_s 80771 | 16251/19073 (85.2%) | elapsed 18h05m | eta 3h19m
16260 train 2.641939 norm 0.1330 lr_muon 1.47e-02 lr_adam 8.85e-04 tok_s 131632 | 16261/19073 (85.3%) | elapsed 18h06m | eta 3h10m
16270 train 2.708847 norm 0.1699 lr_muon 1.47e-02 lr_adam 8.82e-04 tok_s 131679 | 16271/19073 (85.3%) | elapsed 18h06m | eta 3h07m
16280 train 2.658847 norm 0.1556 lr_muon 1.46e-02 lr_adam 8.78e-04 tok_s 132141 | 16281/19073 (85.4%) | elapsed 18h07m | eta 3h08m
16290 train 2.667866 norm 0.1476 lr_muon 1.46e-02 lr_adam 8.75e-04 tok_s 132128 | 16291/19073 (85.4%) | elapsed 18h08m | eta 3h05m
16300 train 2.711474 norm 0.1385 lr_muon 1.45e-02 lr_adam 8.72e-04 tok_s 131482 | 16301/19073 (85.5%) | elapsed 18h08m | eta 3h03m
16310 train 2.662543 norm 0.1432 lr_muon 1.45e-02 lr_adam 8.69e-04 tok_s 132073 | 16311/19073 (85.5%) | elapsed 18h09m | eta 3h02m
16320 train 2.801631 norm 0.1795 lr_muon 1.44e-02 lr_adam 8.66e-04 tok_s 132466 | 16321/19073 (85.6%) | elapsed 18h10m | eta 3h01m
16330 train 2.655072 norm 0.1685 lr_muon 1.44e-02 lr_adam 8.63e-04 tok_s 132131 | 16331/19073 (85.6%) | elapsed 18h10m | eta 3h01m
16340 train 2.560834 norm 0.1486 lr_muon 1.43e-02 lr_adam 8.60e-04 tok_s 132291 | 16341/19073 (85.7%) | elapsed 18h11m | eta 3h00m
16350 train 2.627581 norm 0.1391 lr_muon 1.43e-02 lr_adam 8.56e-04 tok_s 132452 | 16351/19073 (85.7%) | elapsed 18h12m | eta 2h59m
16360 train 2.625399 norm 0.1334 lr_muon 1.42e-02 lr_adam 8.53e-04 tok_s 132505 | 16361/19073 (85.8%) | elapsed 18h12m | eta 2h58m
16370 train 2.777553 norm 0.1408 lr_muon 1.42e-02 lr_adam 8.50e-04 tok_s 132390 | 16371/19073 (85.8%) | elapsed 18h13m | eta 2h58m
16380 train 2.713322 norm 0.2583 lr_muon 1.41e-02 lr_adam 8.47e-04 tok_s 132608 | 16381/19073 (85.9%) | elapsed 18h14m | eta 2h57m
16390 train 2.618258 norm 0.1195 lr_muon 1.41e-02 lr_adam 8.44e-04 tok_s 132341 | 16391/19073 (85.9%) | elapsed 18h14m | eta 2h56m
16400 train 2.575083 norm 0.1290 lr_muon 1.40e-02 lr_adam 8.41e-04 tok_s 132301 | 16401/19073 (86.0%) | elapsed 18h15m | eta 2h56m
16410 train 2.688974 norm 0.1798 lr_muon 1.40e-02 lr_adam 8.38e-04 tok_s 132511 | 16411/19073 (86.0%) | elapsed 18h16m | eta 2h55m
16420 train 2.787094 norm 0.1504 lr_muon 1.39e-02 lr_adam 8.34e-04 tok_s 132455 | 16421/19073 (86.1%) | elapsed 18h16m | eta 2h54m
16430 train 2.607066 norm 0.1497 lr_muon 1.39e-02 lr_adam 8.31e-04 tok_s 132205 | 16431/19073 (86.1%) | elapsed 18h17m | eta 2h54m
16440 train 2.608793 norm 0.1225 lr_muon 1.38e-02 lr_adam 8.28e-04 tok_s 132527 | 16441/19073 (86.2%) | elapsed 18h18m | eta 2h53m
16450 train 2.615016 norm 0.1628 lr_muon 1.37e-02 lr_adam 8.25e-04 tok_s 132222 | 16451/19073 (86.3%) | elapsed 18h18m | eta 2h53m
16460 train 2.649338 norm 0.1378 lr_muon 1.37e-02 lr_adam 8.22e-04 tok_s 132087 | 16461/19073 (86.3%) | elapsed 18h19m | eta 2h52m
16470 train 2.695480 norm 0.1356 lr_muon 1.36e-02 lr_adam 8.19e-04 tok_s 132472 | 16471/19073 (86.4%) | elapsed 18h20m | eta 2h51m
16480 train 2.597250 norm 0.1404 lr_muon 1.36e-02 lr_adam 8.16e-04 tok_s 132454 | 16481/19073 (86.4%) | elapsed 18h20m | eta 2h51m
16490 train 2.608451 norm 0.1203 lr_muon 1.35e-02 lr_adam 8.12e-04 tok_s 132582 | 16491/19073 (86.5%) | elapsed 18h21m | eta 2h50m
16500 val 3.017385
step 16500 | val loss 3.0174
16500 train 2.591032 norm 0.1417 lr_muon 1.35e-02 lr_adam 8.09e-04 tok_s 81029 | 16501/19073 (86.5%) | elapsed 18h22m | eta 3h00m
16510 train 2.665008 norm 0.1203 lr_muon 1.34e-02 lr_adam 8.06e-04 tok_s 111796 | 16511/19073 (86.6%) | elapsed 18h22m | eta 2h55m
16520 train 2.785473 norm 0.1250 lr_muon 1.34e-02 lr_adam 8.03e-04 tok_s 132317 | 16521/19073 (86.6%) | elapsed 18h23m | eta 2h50m
16530 train 2.632788 norm 0.1664 lr_muon 1.33e-02 lr_adam 8.00e-04 tok_s 132385 | 16531/19073 (86.7%) | elapsed 18h24m | eta 2h48m
16540 train 2.649367 norm 0.1466 lr_muon 1.33e-02 lr_adam 7.97e-04 tok_s 132475 | 16541/19073 (86.7%) | elapsed 18h24m | eta 2h47m
16550 train 2.636278 norm 0.1551 lr_muon 1.32e-02 lr_adam 7.93e-04 tok_s 132388 | 16551/19073 (86.8%) | elapsed 18h25m | eta 2h46m
16560 train 2.609138 norm 0.1315 lr_muon 1.32e-02 lr_adam 7.90e-04 tok_s 132418 | 16561/19073 (86.8%) | elapsed 18h26m | eta 2h45m
16570 train 2.768678 norm 0.1672 lr_muon 1.31e-02 lr_adam 7.87e-04 tok_s 132144 | 16571/19073 (86.9%) | elapsed 18h26m | eta 2h45m
16580 train 2.655230 norm 0.1317 lr_muon 1.31e-02 lr_adam 7.84e-04 tok_s 132330 | 16581/19073 (86.9%) | elapsed 18h27m | eta 2h44m
16590 train 2.597647 norm 0.1248 lr_muon 1.30e-02 lr_adam 7.81e-04 tok_s 132348 | 16591/19073 (87.0%) | elapsed 18h28m | eta 2h43m
16600 train 2.659595 norm 0.1719 lr_muon 1.30e-02 lr_adam 7.78e-04 tok_s 132583 | 16601/19073 (87.0%) | elapsed 18h28m | eta 2h43m
16610 train 2.629103 norm 0.1391 lr_muon 1.29e-02 lr_adam 7.75e-04 tok_s 132600 | 16611/19073 (87.1%) | elapsed 18h29m | eta 2h42m
16620 train 2.718781 norm 0.2340 lr_muon 1.29e-02 lr_adam 7.71e-04 tok_s 132430 | 16621/19073 (87.1%) | elapsed 18h30m | eta 2h41m
16630 train 2.631337 norm 0.1474 lr_muon 1.28e-02 lr_adam 7.68e-04 tok_s 132544 | 16631/19073 (87.2%) | elapsed 18h30m | eta 2h41m
16640 train 2.660925 norm 0.1590 lr_muon 1.28e-02 lr_adam 7.65e-04 tok_s 132532 | 16641/19073 (87.2%) | elapsed 18h31m | eta 2h40m
16650 train 2.637931 norm 0.1790 lr_muon 1.27e-02 lr_adam 7.62e-04 tok_s 132480 | 16651/19073 (87.3%) | elapsed 18h32m | eta 2h39m
16660 train 2.666852 norm 0.1270 lr_muon 1.26e-02 lr_adam 7.59e-04 tok_s 132388 | 16661/19073 (87.4%) | elapsed 18h32m | eta 2h39m
16670 train 2.720467 norm 0.1287 lr_muon 1.26e-02 lr_adam 7.56e-04 tok_s 132139 | 16671/19073 (87.4%) | elapsed 18h33m | eta 2h38m
16680 train 2.650639 norm 0.1308 lr_muon 1.25e-02 lr_adam 7.53e-04 tok_s 132362 | 16681/19073 (87.5%) | elapsed 18h34m | eta 2h37m
16690 train 2.654826 norm 0.1328 lr_muon 1.25e-02 lr_adam 7.49e-04 tok_s 132386 | 16691/19073 (87.5%) | elapsed 18h34m | eta 2h37m
16700 train 2.606326 norm 0.1286 lr_muon 1.24e-02 lr_adam 7.46e-04 tok_s 132428 | 16701/19073 (87.6%) | elapsed 18h35m | eta 2h36m
16710 train 2.580419 norm 0.1335 lr_muon 1.24e-02 lr_adam 7.43e-04 tok_s 132602 | 16711/19073 (87.6%) | elapsed 18h36m | eta 2h35m
16720 train 2.754802 norm 0.1323 lr_muon 1.23e-02 lr_adam 7.40e-04 tok_s 132508 | 16721/19073 (87.7%) | elapsed 18h36m | eta 2h35m
16730 train 2.591490 norm 0.1764 lr_muon 1.23e-02 lr_adam 7.37e-04 tok_s 132226 | 16731/19073 (87.7%) | elapsed 18h37m | eta 2h34m
16740 train 2.666815 norm 0.1344 lr_muon 1.22e-02 lr_adam 7.34e-04 tok_s 132487 | 16741/19073 (87.8%) | elapsed 18h38m | eta 2h33m
16750 val 3.000860
step 16750 | val loss 3.0009
16750 train 2.711262 norm 0.1272 lr_muon 1.22e-02 lr_adam 7.31e-04 tok_s 81365 | 16751/19073 (87.8%) | elapsed 18h38m | eta 2h44m
16760 train 2.618313 norm 0.1335 lr_muon 1.21e-02 lr_adam 7.27e-04 tok_s 132448 | 16761/19073 (87.9%) | elapsed 18h39m | eta 2h36m
16770 train 2.745219 norm 0.1437 lr_muon 1.21e-02 lr_adam 7.24e-04 tok_s 132355 | 16771/19073 (87.9%) | elapsed 18h40m | eta 2h33m
16780 train 2.575584 norm 0.1377 lr_muon 1.20e-02 lr_adam 7.21e-04 tok_s 132541 | 16781/19073 (88.0%) | elapsed 18h40m | eta 2h31m
16790 train 2.633843 norm 0.1643 lr_muon 1.20e-02 lr_adam 7.18e-04 tok_s 132210 | 16791/19073 (88.0%) | elapsed 18h41m | eta 2h30m
16800 train 2.614351 norm 0.1314 lr_muon 1.19e-02 lr_adam 7.15e-04 tok_s 132353 | 16801/19073 (88.1%) | elapsed 18h42m | eta 2h29m
16810 train 2.654311 norm 0.2013 lr_muon 1.19e-02 lr_adam 7.12e-04 tok_s 132325 | 16811/19073 (88.1%) | elapsed 18h42m | eta 2h29m
16820 train 2.765419 norm 0.1458 lr_muon 1.18e-02 lr_adam 7.09e-04 tok_s 132462 | 16821/19073 (88.2%) | elapsed 18h43m | eta 2h28m
16830 train 2.597853 norm 0.1445 lr_muon 1.18e-02 lr_adam 7.05e-04 tok_s 132057 | 16831/19073 (88.2%) | elapsed 18h44m | eta 2h28m
16840 train 2.641680 norm 0.1476 lr_muon 1.17e-02 lr_adam 7.02e-04 tok_s 132002 | 16841/19073 (88.3%) | elapsed 18h44m | eta 2h27m
16850 train 2.619161 norm 0.1399 lr_muon 1.17e-02 lr_adam 6.99e-04 tok_s 132441 | 16851/19073 (88.4%) | elapsed 18h45m | eta 2h26m
16860 train 2.545304 norm 0.1396 lr_muon 1.16e-02 lr_adam 6.96e-04 tok_s 132506 | 16861/19073 (88.4%) | elapsed 18h46m | eta 2h26m
16870 train 2.727190 norm 0.1442 lr_muon 1.15e-02 lr_adam 6.93e-04 tok_s 131877 | 16871/19073 (88.5%) | elapsed 18h46m | eta 2h25m
16880 train 2.736861 norm 0.2620 lr_muon 1.15e-02 lr_adam 6.90e-04 tok_s 131325 | 16881/19073 (88.5%) | elapsed 18h47m | eta 2h25m
16890 train 2.573313 norm 0.1400 lr_muon 1.14e-02 lr_adam 6.87e-04 tok_s 131705 | 16891/19073 (88.6%) | elapsed 18h48m | eta 2h24m
16900 train 2.535720 norm 0.1256 lr_muon 1.14e-02 lr_adam 6.83e-04 tok_s 131372 | 16901/19073 (88.6%) | elapsed 18h48m | eta 2h24m
16910 train 2.551228 norm 0.1515 lr_muon 1.13e-02 lr_adam 6.80e-04 tok_s 131467 | 16911/19073 (88.7%) | elapsed 18h49m | eta 2h23m
16920 train 2.765744 norm 0.1937 lr_muon 1.13e-02 lr_adam 6.77e-04 tok_s 131729 | 16921/19073 (88.7%) | elapsed 18h50m | eta 2h23m
16930 train 2.569334 norm 0.1350 lr_muon 1.12e-02 lr_adam 6.74e-04 tok_s 131369 | 16931/19073 (88.8%) | elapsed 18h50m | eta 2h22m
16940 train 2.622526 norm 0.1511 lr_muon 1.12e-02 lr_adam 6.71e-04 tok_s 131878 | 16941/19073 (88.8%) | elapsed 18h51m | eta 2h21m
16950 train 2.516034 norm 0.1585 lr_muon 1.11e-02 lr_adam 6.68e-04 tok_s 131651 | 16951/19073 (88.9%) | elapsed 18h52m | eta 2h23m
16960 train 2.527986 norm 0.1680 lr_muon 1.11e-02 lr_adam 6.64e-04 tok_s 132106 | 16961/19073 (88.9%) | elapsed 18h52m | eta 2h20m
16970 train 2.779633 norm 0.1695 lr_muon 1.10e-02 lr_adam 6.61e-04 tok_s 132334 | 16971/19073 (89.0%) | elapsed 18h53m | eta 2h19m
16980 train 2.662996 norm 0.1527 lr_muon 1.10e-02 lr_adam 6.58e-04 tok_s 132331 | 16981/19073 (89.0%) | elapsed 18h54m | eta 2h19m
16990 train 2.559694 norm 0.1376 lr_muon 1.09e-02 lr_adam 6.55e-04 tok_s 132458 | 16991/19073 (89.1%) | elapsed 18h54m | eta 2h18m
17000 val 2.984481
step 17000 | val loss 2.9845
17000 train 2.492560 norm 0.1443 lr_muon 1.09e-02 lr_adam 6.52e-04 tok_s 80027 | 17001/19073 (89.1%) | elapsed 18h55m | eta 2h25m
saved checkpoint -> /workspace/runs/modern_1024x24/checkpoints/ckpt_017000.pt
17010 train 2.615836 norm 0.1322 lr_muon 1.08e-02 lr_adam 6.49e-04 tok_s 132410 | 17011/19073 (89.2%) | elapsed 18h56m | eta 2h19m
17020 train 2.700076 norm 0.1213 lr_muon 1.08e-02 lr_adam 6.46e-04 tok_s 132633 | 17021/19073 (89.2%) | elapsed 18h56m | eta 2h16m
17030 train 2.670313 norm 0.1625 lr_muon 1.07e-02 lr_adam 6.42e-04 tok_s 132228 | 17031/19073 (89.3%) | elapsed 18h57m | eta 2h15m
17040 train 2.526455 norm 0.1374 lr_muon 1.07e-02 lr_adam 6.39e-04 tok_s 132353 | 17041/19073 (89.3%) | elapsed 18h58m | eta 2h14m
17050 train 2.635860 norm 0.1407 lr_muon 1.06e-02 lr_adam 6.36e-04 tok_s 132234 | 17051/19073 (89.4%) | elapsed 18h58m | eta 2h13m
17060 train 2.585318 norm 0.1408 lr_muon 1.06e-02 lr_adam 6.33e-04 tok_s 132449 | 17061/19073 (89.5%) | elapsed 18h59m | eta 2h12m
17070 train 2.733258 norm 0.1359 lr_muon 1.05e-02 lr_adam 6.30e-04 tok_s 132404 | 17071/19073 (89.5%) | elapsed 19h00m | eta 2h12m
17080 train 2.567173 norm 0.1481 lr_muon 1.04e-02 lr_adam 6.27e-04 tok_s 132496 | 17081/19073 (89.6%) | elapsed 19h00m | eta 2h11m
17090 train 2.569561 norm 0.1338 lr_muon 1.04e-02 lr_adam 6.24e-04 tok_s 132402 | 17091/19073 (89.6%) | elapsed 19h01m | eta 2h10m
17100 train 2.600791 norm 0.1375 lr_muon 1.03e-02 lr_adam 6.20e-04 tok_s 132102 | 17101/19073 (89.7%) | elapsed 19h02m | eta 2h10m
17110 train 2.558347 norm 0.1261 lr_muon 1.03e-02 lr_adam 6.17e-04 tok_s 132379 | 17111/19073 (89.7%) | elapsed 19h02m | eta 2h09m
17120 train 2.666735 norm 0.1331 lr_muon 1.02e-02 lr_adam 6.14e-04 tok_s 132343 | 17121/19073 (89.8%) | elapsed 19h03m | eta 2h08m
17130 train 2.541545 norm 0.1925 lr_muon 1.02e-02 lr_adam 6.11e-04 tok_s 132523 | 17131/19073 (89.8%) | elapsed 19h04m | eta 2h08m
17140 train 2.592596 norm 0.1458 lr_muon 1.01e-02 lr_adam 6.08e-04 tok_s 132073 | 17141/19073 (89.9%) | elapsed 19h04m | eta 2h07m
17150 train 2.551114 norm 0.1328 lr_muon 1.01e-02 lr_adam 6.05e-04 tok_s 132493 | 17151/19073 (89.9%) | elapsed 19h05m | eta 2h06m
17160 train 2.526027 norm 0.1325 lr_muon 1.00e-02 lr_adam 6.02e-04 tok_s 132497 | 17161/19073 (90.0%) | elapsed 19h06m | eta 2h06m
17170 train 2.680741 norm 0.1404 lr_muon 9.97e-03 lr_adam 5.98e-04 tok_s 132619 | 17171/19073 (90.0%) | elapsed 19h06m | eta 2h05m
17180 train 2.593601 norm 0.1250 lr_muon 9.92e-03 lr_adam 5.95e-04 tok_s 132518 | 17181/19073 (90.1%) | elapsed 19h07m | eta 2h04m
17190 train 2.651205 norm 0.1509 lr_muon 9.87e-03 lr_adam 5.92e-04 tok_s 132555 | 17191/19073 (90.1%) | elapsed 19h08m | eta 2h04m
17200 train 2.577095 norm 0.1459 lr_muon 9.82e-03 lr_adam 5.89e-04 tok_s 132380 | 17201/19073 (90.2%) | elapsed 19h08m | eta 2h03m
17210 train 2.580345 norm 0.1568 lr_muon 9.76e-03 lr_adam 5.86e-04 tok_s 132134 | 17211/19073 (90.2%) | elapsed 19h09m | eta 2h04m
17220 train 2.656535 norm 0.1269 lr_muon 9.71e-03 lr_adam 5.83e-04 tok_s 132471 | 17221/19073 (90.3%) | elapsed 19h10m | eta 2h02m
17230 train 2.576730 norm 0.1504 lr_muon 9.66e-03 lr_adam 5.80e-04 tok_s 132457 | 17231/19073 (90.3%) | elapsed 19h10m | eta 2h01m
17240 train 2.583812 norm 0.1343 lr_muon 9.61e-03 lr_adam 5.76e-04 tok_s 132503 | 17241/19073 (90.4%) | elapsed 19h11m | eta 2h00m
17250 val 2.960846
step 17250 | val loss 2.9608
17250 train 2.580377 norm 0.1403 lr_muon 9.55e-03 lr_adam 5.73e-04 tok_s 82494 | 17251/19073 (90.4%) | elapsed 19h12m | eta 2h07m
17260 train 2.514294 norm 0.1259 lr_muon 9.50e-03 lr_adam 5.70e-04 tok_s 132470 | 17261/19073 (90.5%) | elapsed 19h12m | eta 2h02m
17270 train 2.650383 norm 0.1740 lr_muon 9.45e-03 lr_adam 5.67e-04 tok_s 132437 | 17271/19073 (90.6%) | elapsed 19h13m | eta 1h59m
17280 train 2.492770 norm 0.1391 lr_muon 9.40e-03 lr_adam 5.64e-04 tok_s 131620 | 17281/19073 (90.6%) | elapsed 19h14m | eta 1h58m
17290 train 2.610881 norm 0.1423 lr_muon 9.34e-03 lr_adam 5.61e-04 tok_s 132404 | 17291/19073 (90.7%) | elapsed 19h14m | eta 1h57m
17300 train 2.516976 norm 0.1539 lr_muon 9.29e-03 lr_adam 5.58e-04 tok_s 132508 | 17301/19073 (90.7%) | elapsed 19h15m | eta 1h57m
17310 train 2.610001 norm 0.1314 lr_muon 9.24e-03 lr_adam 5.54e-04 tok_s 132292 | 17311/19073 (90.8%) | elapsed 19h16m | eta 1h56m
17320 train 2.673079 norm 0.1200 lr_muon 9.19e-03 lr_adam 5.51e-04 tok_s 132448 | 17321/19073 (90.8%) | elapsed 19h16m | eta 1h55m
17330 train 2.586954 norm 0.1462 lr_muon 9.13e-03 lr_adam 5.48e-04 tok_s 132214 | 17331/19073 (90.9%) | elapsed 19h17m | eta 1h54m
17340 train 2.510984 norm 0.1250 lr_muon 9.08e-03 lr_adam 5.45e-04 tok_s 132447 | 17341/19073 (90.9%) | elapsed 19h18m | eta 1h54m
17350 train 2.490833 norm 0.1595 lr_muon 9.03e-03 lr_adam 5.42e-04 tok_s 132385 | 17351/19073 (91.0%) | elapsed 19h18m | eta 1h53m
17360 train 2.522401 norm 0.1592 lr_muon 8.98e-03 lr_adam 5.39e-04 tok_s 132422 | 17361/19073 (91.0%) | elapsed 19h19m | eta 1h52m
17370 train 2.707089 norm 0.1590 lr_muon 8.93e-03 lr_adam 5.36e-04 tok_s 132299 | 17371/19073 (91.1%) | elapsed 19h20m | eta 1h52m
17380 train 2.546771 norm 0.1233 lr_muon 8.87e-03 lr_adam 5.32e-04 tok_s 132406 | 17381/19073 (91.1%) | elapsed 19h20m | eta 1h51m
17390 train 2.544533 norm 0.1492 lr_muon 8.82e-03 lr_adam 5.29e-04 tok_s 132411 | 17391/19073 (91.2%) | elapsed 19h21m | eta 1h50m
17400 train 2.608789 norm 0.1369 lr_muon 8.77e-03 lr_adam 5.26e-04 tok_s 132268 | 17401/19073 (91.2%) | elapsed 19h22m | eta 1h50m
17410 train 2.531701 norm 0.1329 lr_muon 8.72e-03 lr_adam 5.23e-04 tok_s 132548 | 17411/19073 (91.3%) | elapsed 19h22m | eta 1h49m
17420 train 2.754988 norm 0.1275 lr_muon 8.66e-03 lr_adam 5.20e-04 tok_s 132492 | 17421/19073 (91.3%) | elapsed 19h23m | eta 1h49m
17430 train 2.496445 norm 0.1190 lr_muon 8.61e-03 lr_adam 5.17e-04 tok_s 132572 | 17431/19073 (91.4%) | elapsed 19h24m | eta 1h48m
17440 train 2.545668 norm 0.1376 lr_muon 8.56e-03 lr_adam 5.13e-04 tok_s 111541 | 17441/19073 (91.4%) | elapsed 19h24m | eta 1h49m
17450 train 2.619777 norm 0.1465 lr_muon 8.51e-03 lr_adam 5.10e-04 tok_s 132681 | 17451/19073 (91.5%) | elapsed 19h25m | eta 1h47m
17460 train 2.564495 norm 0.1222 lr_muon 8.45e-03 lr_adam 5.07e-04 tok_s 132450 | 17461/19073 (91.5%) | elapsed 19h26m | eta 1h46m
17470 train 2.647232 norm 0.1857 lr_muon 8.40e-03 lr_adam 5.04e-04 tok_s 132471 | 17471/19073 (91.6%) | elapsed 19h26m | eta 1h45m
17480 train 2.543440 norm 0.1237 lr_muon 8.35e-03 lr_adam 5.01e-04 tok_s 132382 | 17481/19073 (91.7%) | elapsed 19h27m | eta 1h45m
17490 train 2.504771 norm 0.1429 lr_muon 8.30e-03 lr_adam 4.98e-04 tok_s 131587 | 17491/19073 (91.7%) | elapsed 19h27m | eta 1h44m
17500 val 2.938132
step 17500 | val loss 2.9381
17500 train 2.553074 norm 0.1254 lr_muon 8.24e-03 lr_adam 4.95e-04 tok_s 82464 | 17501/19073 (91.8%) | elapsed 19h28m | eta 1h50m
17510 train 2.522087 norm 0.1345 lr_muon 8.19e-03 lr_adam 4.91e-04 tok_s 132226 | 17511/19073 (91.8%) | elapsed 19h29m | eta 1h45m
17520 train 2.691847 norm 0.1350 lr_muon 8.14e-03 lr_adam 4.88e-04 tok_s 132413 | 17521/19073 (91.9%) | elapsed 19h30m | eta 1h43m
17530 train 2.508300 norm 0.1406 lr_muon 8.09e-03 lr_adam 4.85e-04 tok_s 132273 | 17531/19073 (91.9%) | elapsed 19h30m | eta 1h42m
17540 train 2.562126 norm 0.1418 lr_muon 8.03e-03 lr_adam 4.82e-04 tok_s 132451 | 17541/19073 (92.0%) | elapsed 19h31m | eta 1h41m
17550 train 2.524029 norm 0.1356 lr_muon 7.98e-03 lr_adam 4.79e-04 tok_s 132388 | 17551/19073 (92.0%) | elapsed 19h32m | eta 1h40m
17560 train 2.476149 norm 0.1531 lr_muon 7.93e-03 lr_adam 4.76e-04 tok_s 132456 | 17561/19073 (92.1%) | elapsed 19h32m | eta 1h39m
17570 train 2.731891 norm 0.1306 lr_muon 7.88e-03 lr_adam 4.73e-04 tok_s 132450 | 17571/19073 (92.1%) | elapsed 19h33m | eta 1h39m
17580 train 2.661439 norm 0.1557 lr_muon 7.82e-03 lr_adam 4.69e-04 tok_s 132258 | 17581/19073 (92.2%) | elapsed 19h33m | eta 1h38m
17590 train 2.573887 norm 0.1375 lr_muon 7.77e-03 lr_adam 4.66e-04 tok_s 132358 | 17591/19073 (92.2%) | elapsed 19h34m | eta 1h37m
17600 train 2.504408 norm 0.1223 lr_muon 7.72e-03 lr_adam 4.63e-04 tok_s 132409 | 17601/19073 (92.3%) | elapsed 19h35m | eta 1h37m
17610 train 2.572074 norm 0.1432 lr_muon 7.67e-03 lr_adam 4.60e-04 tok_s 132528 | 17611/19073 (92.3%) | elapsed 19h35m | eta 1h36m
17620 train 2.649724 norm 0.1634 lr_muon 7.61e-03 lr_adam 4.57e-04 tok_s 132408 | 17621/19073 (92.4%) | elapsed 19h36m | eta 1h35m
17630 train 2.560583 norm 0.1189 lr_muon 7.56e-03 lr_adam 4.54e-04 tok_s 132332 | 17631/19073 (92.4%) | elapsed 19h37m | eta 1h35m
17640 train 2.507245 norm 0.1716 lr_muon 7.51e-03 lr_adam 4.51e-04 tok_s 132500 | 17641/19073 (92.5%) | elapsed 19h37m | eta 1h34m
17650 train 2.499535 norm 0.1754 lr_muon 7.46e-03 lr_adam 4.47e-04 tok_s 132154 | 17651/19073 (92.5%) | elapsed 19h38m | eta 1h33m
17660 train 2.586718 norm 0.1248 lr_muon 7.40e-03 lr_adam 4.44e-04 tok_s 132490 | 17661/19073 (92.6%) | elapsed 19h39m | eta 1h33m
17670 train 2.714884 norm 0.1394 lr_muon 7.35e-03 lr_adam 4.41e-04 tok_s 132375 | 17671/19073 (92.6%) | elapsed 19h39m | eta 1h32m
17680 train 2.487489 norm 0.1155 lr_muon 7.30e-03 lr_adam 4.38e-04 tok_s 132322 | 17681/19073 (92.7%) | elapsed 19h40m | eta 1h32m
17690 train 2.501970 norm 0.1299 lr_muon 7.25e-03 lr_adam 4.35e-04 tok_s 132447 | 17691/19073 (92.8%) | elapsed 19h41m | eta 1h31m
17700 train 3.214826 norm 0.1695 lr_muon 7.19e-03 lr_adam 4.32e-04 tok_s 132561 | 17701/19073 (92.8%) | elapsed 19h41m | eta 1h30m
17710 train 2.551813 norm 0.1283 lr_muon 7.14e-03 lr_adam 4.29e-04 tok_s 132344 | 17711/19073 (92.9%) | elapsed 19h42m | eta 1h29m
17720 train 2.646969 norm 0.1490 lr_muon 7.09e-03 lr_adam 4.25e-04 tok_s 132240 | 17721/19073 (92.9%) | elapsed 19h43m | eta 1h29m
17730 train 2.425750 norm 0.1280 lr_muon 7.04e-03 lr_adam 4.22e-04 tok_s 132442 | 17731/19073 (93.0%) | elapsed 19h43m | eta 1h28m
17740 train 2.580736 norm 0.1290 lr_muon 6.98e-03 lr_adam 4.19e-04 tok_s 132371 | 17741/19073 (93.0%) | elapsed 19h44m | eta 1h27m
17750 val 2.914740
step 17750 | val loss 2.9147
17750 train 2.482311 norm 0.1397 lr_muon 6.93e-03 lr_adam 4.16e-04 tok_s 81471 | 17751/19073 (93.1%) | elapsed 19h45m | eta 1h32m
17760 train 2.514345 norm 0.1173 lr_muon 6.88e-03 lr_adam 4.13e-04 tok_s 132622 | 17761/19073 (93.1%) | elapsed 19h45m | eta 1h28m
17770 train 2.607042 norm 0.1218 lr_muon 6.83e-03 lr_adam 4.10e-04 tok_s 132515 | 17771/19073 (93.2%) | elapsed 19h46m | eta 1h26m
17780 train 2.443237 norm 0.1522 lr_muon 6.78e-03 lr_adam 4.07e-04 tok_s 132378 | 17781/19073 (93.2%) | elapsed 19h47m | eta 1h25m
17790 train 2.529510 norm 0.1291 lr_muon 6.72e-03 lr_adam 4.03e-04 tok_s 132462 | 17791/19073 (93.3%) | elapsed 19h47m | eta 1h24m
17800 train 2.484488 norm 0.1150 lr_muon 6.67e-03 lr_adam 4.00e-04 tok_s 132343 | 17801/19073 (93.3%) | elapsed 19h48m | eta 1h24m
17810 train 2.489530 norm 0.1456 lr_muon 6.62e-03 lr_adam 3.97e-04 tok_s 132718 | 17811/19073 (93.4%) | elapsed 19h49m | eta 1h23m
17820 train 2.629052 norm 0.1278 lr_muon 6.57e-03 lr_adam 3.94e-04 tok_s 132598 | 17821/19073 (93.4%) | elapsed 19h49m | eta 1h22m
17830 train 2.506326 norm 0.1365 lr_muon 6.51e-03 lr_adam 3.91e-04 tok_s 132463 | 17831/19073 (93.5%) | elapsed 19h50m | eta 1h21m
17840 train 2.518187 norm 0.1083 lr_muon 6.46e-03 lr_adam 3.88e-04 tok_s 132601 | 17841/19073 (93.5%) | elapsed 19h51m | eta 1h21m
17850 train 2.469284 norm 0.1183 lr_muon 6.41e-03 lr_adam 3.84e-04 tok_s 132638 | 17851/19073 (93.6%) | elapsed 19h51m | eta 1h20m
17860 train 2.478921 norm 0.1353 lr_muon 6.36e-03 lr_adam 3.81e-04 tok_s 132392 | 17861/19073 (93.6%) | elapsed 19h52m | eta 1h19m
17870 train 2.640939 norm 0.1179 lr_muon 6.30e-03 lr_adam 3.78e-04 tok_s 132420 | 17871/19073 (93.7%) | elapsed 19h53m | eta 1h19m
17880 train 2.551778 norm 0.1436 lr_muon 6.25e-03 lr_adam 3.75e-04 tok_s 132505 | 17881/19073 (93.8%) | elapsed 19h53m | eta 1h18m
17890 train 2.492825 norm 0.1256 lr_muon 6.20e-03 lr_adam 3.72e-04 tok_s 132704 | 17891/19073 (93.8%) | elapsed 19h54m | eta 1h17m
17900 train 2.483032 norm 0.1210 lr_muon 6.15e-03 lr_adam 3.69e-04 tok_s 132482 | 17901/19073 (93.9%) | elapsed 19h55m | eta 1h17m
17910 train 2.520795 norm 0.1322 lr_muon 6.09e-03 lr_adam 3.66e-04 tok_s 131847 | 17911/19073 (93.9%) | elapsed 19h55m | eta 1h17m
17920 train 2.652069 norm 0.1357 lr_muon 6.04e-03 lr_adam 3.62e-04 tok_s 131099 | 17921/19073 (94.0%) | elapsed 19h56m | eta 1h16m
17930 train 2.535958 norm 0.1262 lr_muon 5.99e-03 lr_adam 3.59e-04 tok_s 132106 | 17931/19073 (94.0%) | elapsed 19h57m | eta 1h15m
17940 train 2.486330 norm 0.1202 lr_muon 5.94e-03 lr_adam 3.56e-04 tok_s 132373 | 17941/19073 (94.1%) | elapsed 19h57m | eta 1h14m
17950 train 2.443536 norm 0.1487 lr_muon 5.88e-03 lr_adam 3.53e-04 tok_s 132517 | 17951/19073 (94.1%) | elapsed 19h58m | eta 1h14m
17960 train 2.463612 norm 0.1193 lr_muon 5.83e-03 lr_adam 3.50e-04 tok_s 131685 | 17961/19073 (94.2%) | elapsed 19h59m | eta 1h13m
17970 train 2.612459 norm 0.1529 lr_muon 5.78e-03 lr_adam 3.47e-04 tok_s 132550 | 17971/19073 (94.2%) | elapsed 19h59m | eta 1h12m
17980 train 2.489536 norm 0.1428 lr_muon 5.73e-03 lr_adam 3.44e-04 tok_s 132139 | 17981/19073 (94.3%) | elapsed 20h00m | eta 1h12m
17990 train 2.480047 norm 0.1116 lr_muon 5.67e-03 lr_adam 3.40e-04 tok_s 132414 | 17991/19073 (94.3%) | elapsed 20h01m | eta 1h11m
18000 val 2.888911
step 18000 | val loss 2.8889
18000 train 2.479980 norm 0.1267 lr_muon 5.62e-03 lr_adam 3.37e-04 tok_s 80170 | 18001/19073 (94.4%) | elapsed 20h01m | eta 1h15m
saved checkpoint -> /workspace/runs/modern_1024x24/checkpoints/ckpt_018000.pt
18010 train 2.549484 norm 0.1291 lr_muon 5.57e-03 lr_adam 3.34e-04 tok_s 131892 | 18011/19073 (94.4%) | elapsed 20h02m | eta 1h12m
18020 train 2.629380 norm 0.1285 lr_muon 5.52e-03 lr_adam 3.31e-04 tok_s 131933 | 18021/19073 (94.5%) | elapsed 20h03m | eta 1h10m
18030 train 2.454686 norm 0.1473 lr_muon 5.46e-03 lr_adam 3.28e-04 tok_s 131847 | 18031/19073 (94.5%) | elapsed 20h03m | eta 1h09m
18040 train 2.451912 norm 0.1432 lr_muon 5.41e-03 lr_adam 3.25e-04 tok_s 131736 | 18041/19073 (94.6%) | elapsed 20h04m | eta 1h08m
18050 train 2.489451 norm 0.1279 lr_muon 5.36e-03 lr_adam 3.22e-04 tok_s 131866 | 18051/19073 (94.6%) | elapsed 20h05m | eta 1h07m
18060 train 2.520269 norm 0.1141 lr_muon 5.31e-03 lr_adam 3.18e-04 tok_s 131847 | 18061/19073 (94.7%) | elapsed 20h05m | eta 1h07m
18070 train 2.685465 norm 0.1270 lr_muon 5.25e-03 lr_adam 3.15e-04 tok_s 131983 | 18071/19073 (94.7%) | elapsed 20h06m | eta 1h06m
18080 train 2.569202 norm 0.1275 lr_muon 5.20e-03 lr_adam 3.12e-04 tok_s 131941 | 18081/19073 (94.8%) | elapsed 20h07m | eta 1h05m
18090 train 2.496011 norm 0.1300 lr_muon 5.15e-03 lr_adam 3.09e-04 tok_s 131712 | 18091/19073 (94.9%) | elapsed 20h07m | eta 1h05m
18100 train 2.495890 norm 0.1469 lr_muon 5.10e-03 lr_adam 3.06e-04 tok_s 131805 | 18101/19073 (94.9%) | elapsed 20h08m | eta 1h04m
18110 train 2.496569 norm 0.3709 lr_muon 5.04e-03 lr_adam 3.03e-04 tok_s 132279 | 18111/19073 (95.0%) | elapsed 20h09m | eta 1h03m
18120 train 2.626960 norm 0.1295 lr_muon 4.99e-03 lr_adam 3.00e-04 tok_s 131768 | 18121/19073 (95.0%) | elapsed 20h09m | eta 1h03m
18130 train 2.518750 norm 0.1241 lr_muon 4.94e-03 lr_adam 2.96e-04 tok_s 131378 | 18131/19073 (95.1%) | elapsed 20h10m | eta 1h02m
18140 train 2.503033 norm 0.1249 lr_muon 4.89e-03 lr_adam 2.93e-04 tok_s 131444 | 18141/19073 (95.1%) | elapsed 20h11m | eta 1h03m
18150 train 2.458423 norm 0.1741 lr_muon 4.83e-03 lr_adam 2.90e-04 tok_s 131322 | 18151/19073 (95.2%) | elapsed 20h11m | eta 1h01m
18160 train 2.431295 norm 0.1097 lr_muon 4.78e-03 lr_adam 2.87e-04 tok_s 131663 | 18161/19073 (95.2%) | elapsed 20h12m | eta 1h00m
18170 train 2.460588 norm 0.1551 lr_muon 4.73e-03 lr_adam 2.84e-04 tok_s 131582 | 18171/19073 (95.3%) | elapsed 20h13m | eta 0h59m
18180 train 2.365617 norm 0.1195 lr_muon 4.68e-03 lr_adam 2.81e-04 tok_s 131609 | 18181/19073 (95.3%) | elapsed 20h13m | eta 0h59m
18190 train 2.424856 norm 0.1171 lr_muon 4.63e-03 lr_adam 2.78e-04 tok_s 131607 | 18191/19073 (95.4%) | elapsed 20h14m | eta 0h58m
18200 train 2.395126 norm 0.1352 lr_muon 4.57e-03 lr_adam 2.74e-04 tok_s 131849 | 18201/19073 (95.4%) | elapsed 20h15m | eta 0h57m
18210 train 2.372565 norm 0.1443 lr_muon 4.52e-03 lr_adam 2.71e-04 tok_s 131483 | 18211/19073 (95.5%) | elapsed 20h15m | eta 0h57m
18220 train 2.524129 norm 0.1250 lr_muon 4.47e-03 lr_adam 2.68e-04 tok_s 132027 | 18221/19073 (95.5%) | elapsed 20h16m | eta 0h56m
18230 train 2.527520 norm 0.1338 lr_muon 4.42e-03 lr_adam 2.65e-04 tok_s 132027 | 18231/19073 (95.6%) | elapsed 20h17m | eta 0h55m
18240 train 2.507541 norm 0.1419 lr_muon 4.36e-03 lr_adam 2.62e-04 tok_s 132224 | 18241/19073 (95.6%) | elapsed 20h17m | eta 0h55m
18250 val 2.859227
step 18250 | val loss 2.8592
18250 train 2.497451 norm 0.1311 lr_muon 4.31e-03 lr_adam 2.59e-04 tok_s 81482 | 18251/19073 (95.7%) | elapsed 20h18m | eta 0h57m
18260 train 2.363052 norm 0.1198 lr_muon 4.26e-03 lr_adam 2.55e-04 tok_s 132073 | 18261/19073 (95.7%) | elapsed 20h19m | eta 0h54m
18270 train 2.561489 norm 0.1207 lr_muon 4.21e-03 lr_adam 2.52e-04 tok_s 132123 | 18271/19073 (95.8%) | elapsed 20h19m | eta 0h53m
18280 train 2.445398 norm 0.1164 lr_muon 4.15e-03 lr_adam 2.49e-04 tok_s 132481 | 18281/19073 (95.8%) | elapsed 20h20m | eta 0h52m
18290 train 2.418439 norm 0.1388 lr_muon 4.10e-03 lr_adam 2.46e-04 tok_s 132406 | 18291/19073 (95.9%) | elapsed 20h21m | eta 0h51m
18300 train 2.437854 norm 0.1187 lr_muon 4.05e-03 lr_adam 2.43e-04 tok_s 132412 | 18301/19073 (96.0%) | elapsed 20h21m | eta 0h50m
18310 train 2.516109 norm 0.1297 lr_muon 4.00e-03 lr_adam 2.40e-04 tok_s 132165 | 18311/19073 (96.0%) | elapsed 20h22m | eta 0h50m
18320 train 2.522178 norm 0.1331 lr_muon 3.94e-03 lr_adam 2.37e-04 tok_s 132524 | 18321/19073 (96.1%) | elapsed 20h23m | eta 0h49m
18330 train 2.481725 norm 0.1241 lr_muon 3.89e-03 lr_adam 2.33e-04 tok_s 132256 | 18331/19073 (96.1%) | elapsed 20h23m | eta 0h48m
18340 train 2.391371 norm 0.1253 lr_muon 3.84e-03 lr_adam 2.30e-04 tok_s 132280 | 18341/19073 (96.2%) | elapsed 20h24m | eta 0h48m
18350 train 2.512292 norm 0.1402 lr_muon 3.79e-03 lr_adam 2.27e-04 tok_s 132177 | 18351/19073 (96.2%) | elapsed 20h25m | eta 0h47m
18360 train 2.472804 norm 0.1338 lr_muon 3.73e-03 lr_adam 2.24e-04 tok_s 132490 | 18361/19073 (96.3%) | elapsed 20h25m | eta 0h47m
18370 train 2.578240 norm 0.1209 lr_muon 3.68e-03 lr_adam 2.21e-04 tok_s 132288 | 18371/19073 (96.3%) | elapsed 20h26m | eta 0h46m
18380 train 2.293811 norm 0.1543 lr_muon 3.63e-03 lr_adam 2.18e-04 tok_s 132353 | 18381/19073 (96.4%) | elapsed 20h27m | eta 0h45m
18390 train 2.410425 norm 0.1298 lr_muon 3.58e-03 lr_adam 2.15e-04 tok_s 132394 | 18391/19073 (96.4%) | elapsed 20h27m | eta 0h45m
18400 train 2.383174 norm 0.1279 lr_muon 3.52e-03 lr_adam 2.11e-04 tok_s 132380 | 18401/19073 (96.5%) | elapsed 20h28m | eta 0h44m
18410 train 2.381483 norm 0.1169 lr_muon 3.47e-03 lr_adam 2.08e-04 tok_s 132513 | 18411/19073 (96.5%) | elapsed 20h29m | eta 0h43m
18420 train 2.615021 norm 0.1335 lr_muon 3.42e-03 lr_adam 2.05e-04 tok_s 132579 | 18421/19073 (96.6%) | elapsed 20h29m | eta 0h43m
18430 train 2.482066 norm 0.1358 lr_muon 3.37e-03 lr_adam 2.02e-04 tok_s 132365 | 18431/19073 (96.6%) | elapsed 20h30m | eta 0h42m
18440 train 2.518052 norm 0.1304 lr_muon 3.31e-03 lr_adam 1.99e-04 tok_s 132634 | 18441/19073 (96.7%) | elapsed 20h31m | eta 0h41m
18450 train 2.408126 norm 0.1243 lr_muon 3.26e-03 lr_adam 1.96e-04 tok_s 132366 | 18451/19073 (96.7%) | elapsed 20h31m | eta 0h41m
18460 train 2.463277 norm 0.1345 lr_muon 3.21e-03 lr_adam 1.93e-04 tok_s 132400 | 18461/19073 (96.8%) | elapsed 20h32m | eta 0h40m
18470 train 2.456061 norm 0.1449 lr_muon 3.16e-03 lr_adam 1.89e-04 tok_s 132615 | 18471/19073 (96.8%) | elapsed 20h33m | eta 0h39m
18480 train 2.486801 norm 0.1248 lr_muon 3.10e-03 lr_adam 1.86e-04 tok_s 132440 | 18481/19073 (96.9%) | elapsed 20h33m | eta 0h39m
18490 train 2.403602 norm 0.1215 lr_muon 3.05e-03 lr_adam 1.83e-04 tok_s 132535 | 18491/19073 (96.9%) | elapsed 20h34m | eta 0h38m
18500 val 2.827796
step 18500 | val loss 2.8278
18500 train 2.459041 norm 0.1352 lr_muon 3.00e-03 lr_adam 1.80e-04 tok_s 79731 | 18501/19073 (97.0%) | elapsed 20h35m | eta 0h40m
18510 train 2.417112 norm 0.1344 lr_muon 2.95e-03 lr_adam 1.77e-04 tok_s 131989 | 18511/19073 (97.1%) | elapsed 20h35m | eta 0h37m
18520 train 2.523577 norm 0.1301 lr_muon 2.89e-03 lr_adam 1.74e-04 tok_s 132446 | 18521/19073 (97.1%) | elapsed 20h36m | eta 0h36m
18530 train 2.442964 norm 0.1327 lr_muon 2.84e-03 lr_adam 1.71e-04 tok_s 132356 | 18531/19073 (97.2%) | elapsed 20h37m | eta 0h35m
18540 train 2.387811 norm 0.1270 lr_muon 2.79e-03 lr_adam 1.67e-04 tok_s 132025 | 18541/19073 (97.2%) | elapsed 20h37m | eta 0h35m
18550 train 2.482875 norm 0.1255 lr_muon 2.74e-03 lr_adam 1.64e-04 tok_s 132519 | 18551/19073 (97.3%) | elapsed 20h38m | eta 0h34m
18560 train 2.496760 norm 0.1263 lr_muon 2.68e-03 lr_adam 1.61e-04 tok_s 132232 | 18561/19073 (97.3%) | elapsed 20h39m | eta 0h33m
18570 train 2.530420 norm 0.1303 lr_muon 2.63e-03 lr_adam 1.58e-04 tok_s 132528 | 18571/19073 (97.4%) | elapsed 20h39m | eta 0h33m
18580 train 2.391532 norm 0.1168 lr_muon 2.58e-03 lr_adam 1.55e-04 tok_s 132455 | 18581/19073 (97.4%) | elapsed 20h40m | eta 0h32m
18590 train 2.417843 norm 0.1239 lr_muon 2.53e-03 lr_adam 1.52e-04 tok_s 132458 | 18591/19073 (97.5%) | elapsed 20h41m | eta 0h31m
18600 train 2.458362 norm 0.1362 lr_muon 2.48e-03 lr_adam 1.49e-04 tok_s 132470 | 18601/19073 (97.5%) | elapsed 20h41m | eta 0h31m
18610 train 2.402194 norm 0.1208 lr_muon 2.42e-03 lr_adam 1.45e-04 tok_s 132399 | 18611/19073 (97.6%) | elapsed 20h42m | eta 0h30m
18620 train 2.648514 norm 0.1421 lr_muon 2.37e-03 lr_adam 1.42e-04 tok_s 132336 | 18621/19073 (97.6%) | elapsed 20h43m | eta 0h29m
18630 train 2.386076 norm 0.1255 lr_muon 2.32e-03 lr_adam 1.39e-04 tok_s 132582 | 18631/19073 (97.7%) | elapsed 20h43m | eta 0h29m
18640 train 2.405943 norm 0.1204 lr_muon 2.27e-03 lr_adam 1.36e-04 tok_s 132225 | 18641/19073 (97.7%) | elapsed 20h44m | eta 0h28m
18650 train 2.436344 norm 0.1222 lr_muon 2.21e-03 lr_adam 1.33e-04 tok_s 132720 | 18651/19073 (97.8%) | elapsed 20h45m | eta 0h27m
18660 train 2.362204 norm 0.1187 lr_muon 2.16e-03 lr_adam 1.30e-04 tok_s 132542 | 18661/19073 (97.8%) | elapsed 20h45m | eta 0h27m
18670 train 2.544113 norm 0.1454 lr_muon 2.11e-03 lr_adam 1.26e-04 tok_s 132482 | 18671/19073 (97.9%) | elapsed 20h46m | eta 0h26m
18680 train 2.435058 norm 0.1274 lr_muon 2.06e-03 lr_adam 1.23e-04 tok_s 132406 | 18681/19073 (97.9%) | elapsed 20h47m | eta 0h25m
18690 train 2.452723 norm 0.1429 lr_muon 2.00e-03 lr_adam 1.20e-04 tok_s 132316 | 18691/19073 (98.0%) | elapsed 20h47m | eta 0h25m
18700 train 2.465274 norm 0.1362 lr_muon 1.95e-03 lr_adam 1.17e-04 tok_s 132453 | 18701/19073 (98.0%) | elapsed 20h48m | eta 0h24m
18710 train 2.429726 norm 0.1289 lr_muon 1.90e-03 lr_adam 1.14e-04 tok_s 132270 | 18711/19073 (98.1%) | elapsed 20h49m | eta 0h23m
18720 train 2.450039 norm 0.1360 lr_muon 1.85e-03 lr_adam 1.11e-04 tok_s 132425 | 18721/19073 (98.2%) | elapsed 20h49m | eta 0h23m
18730 train 2.460085 norm 0.1233 lr_muon 1.79e-03 lr_adam 1.08e-04 tok_s 132115 | 18731/19073 (98.2%) | elapsed 20h50m | eta 0h22m
18740 train 2.431783 norm 0.1253 lr_muon 1.74e-03 lr_adam 1.04e-04 tok_s 132399 | 18741/19073 (98.3%) | elapsed 20h51m | eta 0h21m
18750 val 2.792586
step 18750 | val loss 2.7926
18750 train 2.421275 norm 0.1310 lr_muon 1.69e-03 lr_adam 1.01e-04 tok_s 81007 | 18751/19073 (98.3%) | elapsed 20h51m | eta 0h22m
18760 train 2.365447 norm 0.1630 lr_muon 1.64e-03 lr_adam 9.82e-05 tok_s 132297 | 18761/19073 (98.4%) | elapsed 20h52m | eta 0h21m
18770 train 2.529477 norm 0.1390 lr_muon 1.58e-03 lr_adam 9.50e-05 tok_s 132611 | 18771/19073 (98.4%) | elapsed 20h53m | eta 0h20m
18780 train 2.386632 norm 0.1265 lr_muon 1.53e-03 lr_adam 9.19e-05 tok_s 132653 | 18781/19073 (98.5%) | elapsed 20h53m | eta 0h19m
18790 train 2.413956 norm 0.1219 lr_muon 1.48e-03 lr_adam 8.87e-05 tok_s 132452 | 18791/19073 (98.5%) | elapsed 20h54m | eta 0h18m
18800 train 2.405203 norm 0.1259 lr_muon 1.43e-03 lr_adam 8.56e-05 tok_s 132430 | 18801/19073 (98.6%) | elapsed 20h55m | eta 0h17m
18810 train 2.436524 norm 0.1397 lr_muon 1.37e-03 lr_adam 8.24e-05 tok_s 132465 | 18811/19073 (98.6%) | elapsed 20h55m | eta 0h17m
18820 train 2.531760 norm 0.1230 lr_muon 1.32e-03 lr_adam 7.93e-05 tok_s 132493 | 18821/19073 (98.7%) | elapsed 20h56m | eta 0h16m
18830 train 2.411161 norm 0.1304 lr_muon 1.27e-03 lr_adam 7.61e-05 tok_s 132640 | 18831/19073 (98.7%) | elapsed 20h57m | eta 0h15m
18840 train 2.410136 norm 0.1260 lr_muon 1.22e-03 lr_adam 7.30e-05 tok_s 132479 | 18841/19073 (98.8%) | elapsed 20h57m | eta 0h15m
18850 train 2.353864 norm 0.1342 lr_muon 1.16e-03 lr_adam 6.98e-05 tok_s 132180 | 18851/19073 (98.8%) | elapsed 20h58m | eta 0h14m
18860 train 2.417911 norm 0.1271 lr_muon 1.11e-03 lr_adam 6.67e-05 tok_s 132319 | 18861/19073 (98.9%) | elapsed 20h59m | eta 0h14m
18870 train 2.528774 norm 0.1231 lr_muon 1.06e-03 lr_adam 6.36e-05 tok_s 132419 | 18871/19073 (98.9%) | elapsed 20h59m | eta 0h13m
18880 train 2.419900 norm 0.1275 lr_muon 1.01e-03 lr_adam 6.04e-05 tok_s 132275 | 18881/19073 (99.0%) | elapsed 21h00m | eta 0h12m
18890 train 2.402843 norm 0.1335 lr_muon 9.54e-04 lr_adam 5.73e-05 tok_s 132287 | 18891/19073 (99.0%) | elapsed 21h01m | eta 0h12m
18900 train 2.410499 norm 0.1287 lr_muon 9.02e-04 lr_adam 5.41e-05 tok_s 132529 | 18901/19073 (99.1%) | elapsed 21h01m | eta 0h11m
18910 train 2.430496 norm 0.1336 lr_muon 8.50e-04 lr_adam 5.10e-05 tok_s 132301 | 18911/19073 (99.2%) | elapsed 21h02m | eta 0h10m
18920 train 2.514136 norm 0.1301 lr_muon 7.97e-04 lr_adam 4.78e-05 tok_s 132724 | 18921/19073 (99.2%) | elapsed 21h03m | eta 0h10m
18930 train 2.369626 norm 0.1253 lr_muon 7.45e-04 lr_adam 4.47e-05 tok_s 132383 | 18931/19073 (99.3%) | elapsed 21h03m | eta 0h09m
18940 train 2.359997 norm 0.1252 lr_muon 6.92e-04 lr_adam 4.15e-05 tok_s 132444 | 18941/19073 (99.3%) | elapsed 21h04m | eta 0h08m
18950 train 2.409673 norm 0.1265 lr_muon 6.40e-04 lr_adam 3.84e-05 tok_s 132431 | 18951/19073 (99.4%) | elapsed 21h04m | eta 0h08m
18960 train 2.394072 norm 0.1197 lr_muon 5.87e-04 lr_adam 3.52e-05 tok_s 132498 | 18961/19073 (99.4%) | elapsed 21h05m | eta 0h07m
18970 train 2.484203 norm 0.1232 lr_muon 5.35e-04 lr_adam 3.21e-05 tok_s 132547 | 18971/19073 (99.5%) | elapsed 21h06m | eta 0h06m
18980 train 2.328670 norm 0.1539 lr_muon 4.82e-04 lr_adam 2.89e-05 tok_s 132294 | 18981/19073 (99.5%) | elapsed 21h06m | eta 0h06m
18990 train 2.387778 norm 0.1324 lr_muon 4.30e-04 lr_adam 2.58e-05 tok_s 132575 | 18991/19073 (99.6%) | elapsed 21h07m | eta 0h05m
19000 val 2.764892
step 19000 | val loss 2.7649
19000 train 2.520840 norm 0.1584 lr_muon 3.78e-04 lr_adam 2.27e-05 tok_s 81856 | 19001/19073 (99.6%) | elapsed 21h08m | eta 0h05m
saved checkpoint -> /workspace/runs/modern_1024x24/checkpoints/ckpt_019000.pt
19010 train 2.376973 norm 0.1385 lr_muon 3.25e-04 lr_adam 1.95e-05 tok_s 132384 | 19011/19073 (99.7%) | elapsed 21h09m | eta 0h04m
19020 train 2.518038 norm 0.1363 lr_muon 2.73e-04 lr_adam 1.64e-05 tok_s 132714 | 19021/19073 (99.7%) | elapsed 21h09m | eta 0h03m
19030 train 2.432442 norm 0.1351 lr_muon 2.20e-04 lr_adam 1.32e-05 tok_s 132437 | 19031/19073 (99.8%) | elapsed 21h10m | eta 0h02m
19040 train 2.407891 norm 0.1209 lr_muon 1.68e-04 lr_adam 1.01e-05 tok_s 132216 | 19041/19073 (99.8%) | elapsed 21h11m | eta 0h02m
19050 train 2.342155 norm 0.1176 lr_muon 1.15e-04 lr_adam 6.92e-06 tok_s 132503 | 19051/19073 (99.9%) | elapsed 21h11m | eta 0h01m
19060 train 2.347064 norm 0.1202 lr_muon 6.29e-05 lr_adam 3.78e-06 tok_s 132305 | 19061/19073 (99.9%) | elapsed 21h12m | eta 0h00m
19070 train 2.513741 norm 0.1312 lr_muon 1.05e-05 lr_adam 6.29e-07 tok_s 132743 | 19071/19073 (100.0%) | elapsed 21h13m | eta 0h00m
19072 val 2.761780
step 19072 | val loss 2.7618
19072 train 2.369796 norm 0.1368 lr_muon 0.00e+00 lr_adam 0.00e+00 tok_s 83785 | 19073/19073 (100.0%) | elapsed 21h13m | eta 0h00m
--- samples @ step 19072 ---
[sample 0] ' Robert Spinoza & his English Renaissance; Matthew Cawes\n2-The Age and Society: Increase of Uisability; Sir Francis Bacon, Giclee, and The Royal Society; The Age of Ideas; Increasing Progress in Ideas; Speculative Discourse; Sir Francis Bacon and'
[sample 1] ' A Guide to RSCT in the Edmonton Public Library, 2006 [Clark, Elizabeth M.]: Dallas Publishing, 1989.\n- Toderveck, Guy, Supply of Textile or Leather Stink Into… the Death of an Opium--Camden in 1758. Philadelphia: D'
saved checkpoint -> /workspace/runs/modern_1024x24/checkpoints/ckpt_019072.pt
run modern_1024x24 | val loss 2.7618 | 130869 tok/s
